0,0.28153,0.35249,26.212,0.2875,0.2875,3.0471,0.85139,0.45074,1.0278,0.052882,0.045561,0.18252,0.29201,0.011802,0.024022,0.74364,0.95721,0.38834,0.88432,0.016915,0.48189
0.1,0.30039,0.37146,10.614,0.8433,0.8433,4.7344,0.83709,0.43756,1.0556,0.066503,0.045725,0.18707,0.27856,0.069643,0.023466,0.72935,0.94848,0.38299,0.8533,0.077394,0.50133
0.2,0.31946,0.3905,4.8876,0.95058,0.95058,7.0018,0.79097,0.41382,1.0837,0.079642,0.047335,0.19173,0.26528,0.14756,0.023039,0.68322,0.87343,0.39619,0.81251,0.13148,0.58522
0.3,0.33875,0.40967,4.0671,0.96452,0.96452,9.0679,0.74752,0.39165,1.1112,0.089606,0.049927,0.19647,0.25272,0.21892,0.022818,0.63977,0.79113,0.41293,0.7742,0.16914,0.73402
0.4,0.35811,0.42878,4.1165,0.96625,0.96625,10.854,0.70697,0.37097,1.1372,0.096893,0.053066,0.20127,0.24085,0.28345,0.022847,0.59923,0.71608,0.42946,0.73825,0.19434,0.9264
0.5,0.37752,0.44785,4.2981,0.96646,0.96646,12.385,0.66914,0.35168,1.1605,0.102,0.05643,0.20613,0.22962,0.34174,0.023141,0.5614,0.64808,0.44569,0.70426,0.21032,1.1425
0.6,0.39693,0.46682,4.5015,0.9665,0.9665,13.698,0.63386,0.33369,1.1805,0.10536,0.059784,0.21102,0.219,0.39428,0.023686,0.52611,0.58652,0.46159,0.672,0.21944,1.3679
0.7,0.4162,0.48553,4.707,0.96649,0.96649,14.822,0.60095,0.31694,1.1966,0.10734,0.062969,0.21592,0.20895,0.44154,0.024458,0.4932,0.5308,0.47719,0.64127,0.22356,1.5923
0.8,0.43542,0.50415,4.9088,0.9665,0.9665,15.785,0.57025,0.30132,1.2087,0.10823,0.065879,0.22081,0.19945,0.48387,0.025429,0.46251,0.48037,0.49248,0.61195,0.22406,1.809
0.9,0.4545,0.52257,5.1099,0.96651,0.96651,16.61,0.54161,0.28674,1.2168,0.10829,0.068452,0.22568,0.19046,0.52172,0.026565,0.43386,0.43473,0.50746,0.58397,0.22193,2.0136
1,0.47339,0.54073,5.3105,0.9665,0.9665,17.316,0.51489,0.27315,1.221,0.10774,0.070658,0.23049,0.18196,0.55543,0.027838,0.40714,0.39344,0.52215,0.55725,0.21793,2.2033
1.1,0.49202,0.55855,5.5079,0.9665,0.9665,17.921,0.48997,0.26048,1.2216,0.10673,0.072493,0.23525,0.17392,0.58527,0.02922,0.38222,0.35608,0.53655,0.53175,0.21257,2.3765
1.2,0.51043,0.57612,5.7025,0.9665,0.9665,18.438,0.46672,0.24867,1.219,0.1054,0.073967,0.23991,0.16632,0.61155,0.030688,0.35898,0.32229,0.55066,0.50743,0.20633,2.532
1.3,0.52865,0.59348,5.8939,0.9665,0.9665,18.881,0.44504,0.23765,1.2135,0.10388,0.075098,0.24448,0.15914,0.63452,0.032219,0.3373,0.29173,0.5645,0.48425,0.19953,2.6694
1.4,0.5467,0.61067,6.0834,0.9665,0.9665,19.261,0.42481,0.22738,1.2055,0.10226,0.075912,0.24893,0.15236,0.65444,0.033794,0.31707,0.26406,0.57806,0.46218,0.19241,2.7889
1.5,0.56451,0.6276,6.2706,0.96651,0.96651,19.586,0.40595,0.21781,1.1952,0.10061,0.076448,0.25326,0.14596,0.67155,0.035398,0.2982,0.23905,0.59135,0.4412,0.18516,2.8907
1.6,0.58205,0.64423,6.4557,0.9665,0.9665,19.865,0.38834,0.20888,1.1831,0.099,0.076739,0.25745,0.13991,0.68608,0.037015,0.2806,0.2164,0.60437,0.42125,0.17788,2.9757
1.7,0.59934,0.6606,6.6379,0.9665,0.9665,20.104,0.37193,0.20055,1.1694,0.097458,0.076826,0.26149,0.1342,0.69822,0.038635,0.26418,0.19592,0.61714,0.40232,0.17066,3.0446
1.8,0.61638,0.67672,6.8173,0.9665,0.9665,20.309,0.35661,0.19279,1.1543,0.096032,0.076747,0.26538,0.12882,0.70818,0.040247,0.24886,0.17739,0.62965,0.38438,0.16358,3.0986
1.9,0.63322,0.69264,6.9942,0.9665,0.9665,20.485,0.34232,0.18555,1.1382,0.094739,0.076536,0.26911,0.12374,0.71612,0.041844,0.23457,0.16063,0.64191,0.36738,0.15668,3.1385
2,0.64982,0.70834,7.1686,0.9665,0.9665,20.635,0.329,0.17881,1.1211,0.093597,0.076224,0.27268,0.11896,0.7222,0.04342,0.22125,0.14549,0.65393,0.3513,0.15002,3.1654
2.1,0.66619,0.72379,7.3405,0.9665,0.9665,20.763,0.31657,0.17252,1.1033,0.092626,0.075843,0.27608,0.11445,0.7266,0.044968,0.20882,0.13181,0.66571,0.3361,0.1436,3.1805
2.2,0.68232,0.73902,7.51,0.9665,0.9665,20.873,0.30497,0.16665,1.0849,0.091847,0.075424,0.2793,0.1102,0.72948,0.046481,0.19723,0.11942,0.67726,0.32173,0.13747,3.1847
2.3,0.69818,0.75398,7.6767,0.9665,0.9665,20.967,0.29416,0.16119,1.0661,0.091254,0.074984,0.28235,0.1062,0.73095,0.047958,0.18642,0.10824,0.68857,0.30818,0.13159,3.1793
2.4,0.71377,0.76866,7.8407,0.9665,0.9665,21.048,0.28407,0.15609,1.0469,0.090868,0.074556,0.28521,0.10244,0.73118,0.049393,0.17633,0.098117,0.69966,0.29539,0.12601,3.1652
2.5,0.72907,0.78304,8.0015,0.9665,0.9665,21.117,0.27466,0.15133,1.0275,0.090687,0.074154,0.2879,0.0989,0.73027,0.050784,0.16691,0.08897,0.71053,0.28334,0.1207,3.1434
2.6,0.74405,0.7971,8.1591,0.9665,0.9665,21.177,0.26588,0.1469,1.008,0.090713,0.073796,0.29041,0.095572,0.72834,0.05213,0.15814,0.080708,0.72117,0.27199,0.11565,3.1149
2.7,0.75869,0.81081,8.3132,0.9665,0.9665,21.228,0.25769,0.14277,0.98842,0.090953,0.073505,0.29274,0.092443,0.72551,0.053426,0.14994,0.07322,0.73161,0.26131,0.11087,3.0805
2.8,0.77296,0.82413,8.4632,0.9665,0.9665,21.272,0.25005,0.13891,0.96879,0.091403,0.073283,0.29489,0.089506,0.72186,0.054675,0.1423,0.066478,0.74184,0.25126,0.10635,3.0412
2.9,0.78682,0.83704,8.6092,0.9665,0.9665,21.31,0.24292,0.13532,0.94921,0.092067,0.073153,0.29686,0.086748,0.71751,0.055874,0.13517,0.060374,0.75186,0.24182,0.10207,2.9974
3,0.80026,0.8495,8.7506,0.9665,0.9665,21.342,0.23627,0.13197,0.92972,0.092946,0.07312,0.29865,0.08416,0.71253,0.057022,0.12852,0.054867,0.76168,0.23295,0.098027,2.9497
3.1,0.81325,0.86149,8.8872,0.9665,0.9665,21.37,0.23007,0.12884,0.91035,0.094042,0.073194,0.30026,0.081735,0.707,0.05812,0.12232,0.049902,0.77131,0.22462,0.094216,2.8992
3.2,0.82575,0.87298,9.0186,0.9665,0.9665,21.394,0.22428,0.12593,0.89114,0.095356,0.073386,0.30169,0.079462,0.70102,0.059167,0.11653,0.045411,0.78074,0.21679,0.090628,2.8466
3.3,0.83775,0.88395,9.1448,0.9665,0.9665,21.414,0.21888,0.12321,0.8721,0.096892,0.073699,0.30294,0.077335,0.69463,0.060163,0.11114,0.041374,0.78998,0.20945,0.087248,2.7917
3.4,0.84922,0.89438,9.2653,0.9665,0.9665,21.432,0.21385,0.12068,0.85327,0.098651,0.074145,0.30401,0.075345,0.68792,0.061109,0.1061,0.037727,0.79904,0.20257,0.084067,2.7353
3.5,0.86015,0.90425,9.38,0.9665,0.9665,21.446,0.20915,0.11831,0.83467,0.10064,0.074726,0.30491,0.073486,0.68095,0.062005,0.1014,0.034442,0.80791,0.19611,0.081078,2.6781
3.6,0.8705,0.91354,9.4886,0.9665,0.9665,21.459,0.20477,0.11611,0.8163,0.10286,0.07545,0.30564,0.071752,0.67376,0.062852,0.097023,0.031487,0.81661,0.19004,0.078273,2.6208
3.7,0.88027,0.92224,9.5911,0.9665,0.9665,21.47,0.20068,0.11406,0.79819,0.10531,0.076322,0.30619,0.070134,0.66642,0.06365,0.092934,0.028818,0.82513,0.18437,0.075636,2.5625
3.8,0.88946,0.93036,9.6873,0.9665,0.9665,21.48,0.19687,0.11214,0.78034,0.108,0.077346,0.30656,0.06863,0.65896,0.064401,0.089123,0.026424,0.83348,0.17906,0.073161,2.5042
3.9,0.89804,0.93787,9.7771,0.9665,0.9665,21.488,0.19331,0.11036,0.76276,0.11094,0.078529,0.30676,0.067231,0.65143,0.065105,0.085567,0.024265,0.84166,0.17408,0.070839,2.4465
4,0.90602,0.9448,9.8605,0.9665,0.9665,21.495,0.18999,0.10869,0.74545,0.11412,0.079874,0.30679,0.065934,0.64388,0.065764,0.082249,0.022324,0.84968,0.1694,0.068659,2.3894
4.1,0.91342,0.95114,9.9376,0.9665,0.9665,21.5,0.1869,0.10714,0.72843,0.11756,0.081387,0.30665,0.064734,0.63632,0.06638,0.079156,0.020581,0.85754,0.16504,0.066617,2.3325
4.2,0.92021,0.95691,10.008,0.9665,0.9665,21.506,0.18401,0.10569,0.7117,0.12126,0.083073,0.30633,0.063625,0.62881,0.066953,0.076267,0.019009,0.86524,0.16096,0.064702,2.2764
4.3,0.92643,0.96211,10.073,0.9665,0.9665,21.51,0.18132,0.10434,0.69524,0.12523,0.084935,0.30584,0.062606,0.62136,0.067485,0.073576,0.017602,0.87279,0.15713,0.062905,2.2215
4.4,0.93208,0.96676,10.131,0.9665,0.9665,21.514,0.17881,0.10309,0.67908,0.12947,0.086979,0.30518,0.06167,0.614,0.067978,0.071064,0.016336,0.88018,0.15354,0.06122,2.1676
4.5,0.93717,0.9709,10.184,0.9665,0.9665,21.517,0.17647,0.10191,0.66321,0.13399,0.08921,0.30435,0.060816,0.60676,0.068433,0.068721,0.015197,0.88743,0.1502,0.059645,2.1146
4.6,0.94176,0.97457,10.231,0.9665,0.9665,21.52,0.17428,0.10082,0.64763,0.1388,0.091632,0.30334,0.060041,0.59964,0.068853,0.066536,0.014177,0.89453,0.14707,0.058168,2.0628
4.7,0.94586,0.97778,10.273,0.9665,0.9665,21.522,0.17224,0.099798,0.63233,0.14389,0.094249,0.30215,0.05934,0.59268,0.069238,0.064496,0.013257,0.90149,0.14414,0.056783,2.0124
4.8,0.94951,0.9806,10.31,0.9665,0.9665,21.524,0.17034,0.098846,0.61732,0.14928,0.097067,0.3008,0.058713,0.58589,0.069592,0.062594,0.012433,0.90831,0.1414,0.055489,1.9632
4.9,0.95276,0.98305,10.343,0.9665,0.9665,21.526,0.16856,0.097959,0.6026,0.15496,0.10009,0.29926,0.058157,0.57928,0.069915,0.060819,0.011692,0.91499,0.13885,0.05428,1.9152
5,0.95562,0.98519,10.372,0.9665,0.9665,21.527,0.16691,0.097132,0.58815,0.16094,0.10332,0.29755,0.057669,0.57286,0.070211,0.059164,0.011026,0.92154,0.13646,0.053148,1.8685
5.1,0.95813,0.98701,10.397,0.9665,0.9665,21.528,0.16537,0.096361,0.57399,0.16723,0.10676,0.29565,0.057249,0.56665,0.07048,0.057619,0.010428,0.92796,0.13422,0.052087,1.8233
5.2,0.96031,0.98856,10.419,0.9665,0.9665,21.529,0.16392,0.095641,0.5601,0.17381,0.11042,0.29358,0.056895,0.56065,0.070725,0.056179,0.009891,0.93426,0.13212,0.051094,1.7795
5.3,0.96219,0.98985,10.438,0.9665,0.9665,21.53,0.16258,0.09497,0.54649,0.18071,0.1143,0.29132,0.056607,0.55487,0.070948,0.054835,0.0094082,0.94043,0.13018,0.050169,1.737
5.4,0.96379,0.9909,10.454,0.9665,0.9665,21.531,0.16133,0.094345,0.53316,0.18791,0.1184,0.28888,0.056383,0.54932,0.071151,0.053581,0.008974,0.94647,0.12835,0.049304,1.6958
5.5,0.96512,0.99173,10.467,0.9665,0.9665,21.532,0.16016,0.093762,0.52009,0.19542,0.12273,0.28626,0.056224,0.54402,0.071337,0.052412,0.0085843,0.9524,0.12665,0.048493,1.656
5.6,0.96621,0.99235,10.477,0.9665,0.9665,21.532,0.15907,0.093218,0.50728,0.20325,0.12729,0.28345,0.05613,0.53896,0.071507,0.051321,0.0082331,0.9582,0.12505,0.047732,1.6177
5.7,0.96707,0.99278,10.485,0.9665,0.9665,21.533,0.15805,0.092711,0.49474,0.21139,0.13207,0.28046,0.056101,0.53415,0.071665,0.050304,0.0079171,0.96389,0.12356,0.047026,1.5805
5.8,0.9677,0.99302,10.491,0.9665,0.9665,21.533,0.1571,0.092239,0.48246,0.21985,0.13709,0.27728,0.056137,0.5296,0.071811,0.049355,0.0076327,0.96947,0.12217,0.046365,1.5447
5.9,0.96814,0.99309,10.495,0.9665,0.9665,21.534,0.15622,0.091798,0.47044,0.22863,0.14235,0.27391,0.05624,0.52531,0.07195,0.04847,0.0073758,0.97494,0.12088,0.045747,1.5101
6,0.96839,0.993,10.497,0.9665,0.9665,21.534,0.15539,0.091388,0.45867,0.23774,0.14784,0.27036,0.056411,0.52131,0.072082,0.047644,0.0071439,0.9803,0.11966,0.045167,1.4769
6.1,0.96846,0.99276,10.497,0.9665,0.9665,21.534,0.15462,0.091005,0.44715,0.24717,0.15357,0.26662,0.056652,0.51758,0.07221,0.046874,0.0069343,0.98555,0.11852,0.044626,1.4448
6.2,0.96836,0.99237,10.496,0.9665,0.9665,21.535,0.1539,0.090647,0.43588,0.25695,0.15955,0.2627,0.056965,0.51414,0.072337,0.046155,0.0067443,0.9907,0.11747,0.044123,1.4139
6.3,0.9681,0.99185,10.492,0.9665,0.9665,21.535,0.15323,0.090314,0.42485,0.26706,0.16578,0.2586,0.057354,0.51099,0.072466,0.045485,0.0065721,0.99575,0.11648,0.043652,1.3842
6.4,0.96768,0.99119,10.487,0.9665,0.9665,21.535,0.15261,0.090004,0.41406,0.27753,0.17226,0.25432,0.057821,0.50815,0.072599,0.04486,0.006415,1.0007,0.11556,0.043211,1.3556
6.5,0.96712,0.99041,10.481,0.9665,0.9665,21.535,0.15202,0.089714,0.40351,0.28835,0.17899,0.24986,0.058371,0.50563,0.07274,0.044276,0.0062717,1.0056,0.11469,0.042798,1.3282
6.6,0.96642,0.9895,10.473,0.9665,0.9665,21.535,0.15148,0.089444,0.39319,0.29953,0.18598,0.24522,0.059006,0.50344,0.07289,0.043732,0.006141,1.0103,0.11389,0.042415,1.3017
6.7,0.96557,0.98847,10.464,0.9665,0.9665,21.535,0.15097,0.089192,0.38311,0.31108,0.19323,0.24041,0.059733,0.50158,0.073053,0.043224,0.0060216,1.015,0.11314,0.042057,1.2764
6.8,0.96459,0.9873,10.453,0.9665,0.9665,21.535,0.1505,0.088958,0.37325,0.32302,0.20075,0.23544,0.060559,0.50007,0.073233,0.04275,0.0059111,1.0195,0.11244,0.041722,1.252
6.9,0.96346,0.98601,10.441,0.9665,0.9665,21.536,0.15005,0.088739,0.36362,0.33534,0.20854,0.2303,0.061488,0.49893,0.073432,0.042308,0.0058092,1.024,0.11179,0.041407,1.2286
7,0.96219,0.98459,10.427,0.9665,0.9665,21.536,0.14964,0.088534,0.35422,0.34806,0.2166,0.225,0.062528,0.49817,0.073655,0.041896,0.0057153,1.0284,0.11118,0.041117,1.2061
7.1,0.96079,0.98303,10.412,0.9665,0.9665,21.536,0.14926,0.088344,0.34503,0.36118,0.22495,0.21955,0.063688,0.49781,0.073905,0.041511,0.0056281,1.0327,0.11062,0.040847,1.1846
7.2,0.95924,0.98134,10.396,0.9665,0.9665,21.536,0.1489,0.088167,0.33605,0.3747,0.23359,0.21396,0.064978,0.49788,0.074187,0.041152,0.0055461,1.0369,0.11009,0.040596,1.1639
7.3,0.95755,0.97952,10.378,0.9665,0.9665,21.536,0.14856,0.088001,0.3273,0.38864,0.24251,0.20823,0.066408,0.49838,0.074506,0.040817,0.0054691,1.0411,0.1096,0.04036,1.144
7.4,0.95571,0.97755,10.358,0.9665,0.9665,21.536,0.14825,0.087847,0.31875,0.40298,0.25173,0.20237,0.067988,0.49936,0.074865,0.040505,0.0053965,1.0451,0.10914,0.040139,1.125
7.5,0.95373,0.97544,10.337,0.9665,0.9665,21.536,0.14796,0.087703,0.31041,0.41775,0.26125,0.19639,0.069734,0.50083,0.075272,0.040214,0.0053276,1.0491,0.1087,0.03993,1.1068
7.6,0.9516,0.97319,10.314,0.9665,0.9665,21.536,0.14769,0.087569,0.30227,0.43293,0.27108,0.19029,0.071663,0.50283,0.075732,0.039942,0.0052614,1.053,0.1083,0.039739,1.0893
7.7,0.94932,0.97079,10.29,0.9665,0.9665,21.536,0.14743,0.087444,0.29434,0.44852,0.28121,0.1841,0.073787,0.5054,0.076251,0.039689,0.0051976,1.0568,0.10793,0.039561,1.0726
7.8,0.94688,0.96824,10.264,0.9665,0.9665,21.536,0.1472,0.087328,0.28661,0.46453,0.29165,0.17782,0.076124,0.50857,0.076837,0.039452,0.005136,1.0606,0.10758,0.039395,1.0566
7.9,0.94429,0.96554,10.237,0.9665,0.9665,21.536,0.14698,0.087219,0.27908,0.48095,0.30241,0.17147,0.0787,0.51239,0.077498,0.039232,0.0050758,1.0642,0.10725,0.039239,1.0412
8,0.94152,0.96267,10.208,0.9665,0.9665,21.536,0.14677,0.087118,0.27173,0.49778,0.31348,0.16505,0.081535,0.51692,0.078245,0.039026,0.0050167,1.0678,0.10694,0.039092,1.0265
8.1,0.93859,0.95963,10.177,0.9665,0.9665,21.536,0.14658,0.087023,0.26458,0.51502,0.32486,0.15859,0.084652,0.52219,0.079086,0.038834,0.0049584,1.0714,0.10665,0.038953,1.0125
8.2,0.93549,0.95642,10.144,0.9665,0.9665,21.536,0.1464,0.086935,0.25762,0.53266,0.33657,0.1521,0.088076,0.52826,0.08003,0.038654,0.0049007,1.0748,0.10639,0.038826,0.999
8.3,0.93221,0.95304,10.109,0.9665,0.9665,21.536,0.14623,0.086853,0.25084,0.55069,0.34858,0.14559,0.091843,0.53523,0.081098,0.038487,0.0048431,1.0782,0.10614,0.038707,0.98613
8.4,0.92876,0.94948,10.072,0.9665,0.9665,21.536,0.14608,0.086777,0.24424,0.5691,0.36091,0.13909,0.095979,0.54315,0.082298,0.038331,0.0047853,1.0815,0.10591,0.038597,0.97381
8.5,0.92512,0.94575,10.034,0.9665,0.9665,21.536,0.14593,0.086705,0.23782,0.58789,0.37355,0.13261,0.10052,0.5521,0.083647,0.038185,0.0047273,1.0848,0.10569,0.038493,0.96202
8.6,0.92129,0.94182,9.9935,0.9665,0.9665,21.536,0.14579,0.086639,0.23157,0.60704,0.38651,0.12616,0.10549,0.56216,0.085163,0.038049,0.0046688,1.088,0.10549,0.038394,0.95073
8.7,0.91726,0.9377,9.9509,0.9665,0.9665,21.536,0.14567,0.086577,0.22549,0.62653,0.39976,0.11977,0.11094,0.57346,0.086879,0.037922,0.0046094,1.0911,0.10529,0.038301,0.93991
8.8,0.91303,0.93337,9.9062,0.9665,0.9665,21.536,0.14555,0.086519,0.21959,0.64634,0.41331,0.11345,0.11689,0.58607,0.088808,0.037803,0.0045491,1.0942,0.10511,0.038216,0.9296
8.9,0.90859,0.92883,9.8593,0.9665,0.9665,21.536,0.14544,0.086464,0.21385,0.66645,0.42716,0.10723,0.12338,0.60011,0.090974,0.037692,0.0044878,1.0972,0.10495,0.038137,0.91975
9,0.90393,0.92408,9.8101,0.9665,0.9665,21.536,0.14533,0.086414,0.20827,0.68685,0.44129,0.10112,0.13047,0.61568,0.093401,0.037588,0.0044255,1.1002,0.1048,0.038064,0.91032
9.1,0.89905,0.9191,9.7585,0.9665,0.9665,21.536,0.14524,0.086367,0.20285,0.70751,0.4557,0.09514,0.13816,0.63289,0.096125,0.037492,0.0043619,1.1031,0.10465,0.037994,0.90131
9.2,0.89395,0.91391,9.7047,0.9665,0.9665,21.536,0.14515,0.086323,0.19758,0.72836,0.47036,0.089298,0.14643,0.65187,0.099198,0.037401,0.0042967,1.1059,0.10452,0.037929,0.89268
9.3,0.88862,0.90848,9.6484,0.9665,0.9665,21.536,0.14506,0.086282,0.19247,0.74939,0.48527,0.083618,0.15535,0.67274,0.10264,0.037317,0.0042302,1.1087,0.10439,0.037867,0.88441
9.4,0.88306,0.90283,9.5896,0.9665,0.9665,21.536,0.14498,0.086244,0.18751,0.77057,0.50041,0.07812,0.16494,0.69564,0.1065,0.037238,0.0041621,1.1115,0.10427,0.037811,0.87654
9.5,0.87725,0.89693,9.5282,0.9665,0.9665,21.536,0.14491,0.086209,0.1827,0.79185,0.51578,0.072821,0.17522,0.72071,0.11081,0.037165,0.0040925,1.1141,0.10416,0.037758,0.86903
9.6,0.8712,0.89079,9.4642,0.9665,0.9665,21.536,0.14484,0.086176,0.17803,0.81319,0.53134,0.067731,0.18617,0.74804,0.11562,0.037096,0.0040213,1.1168,0.10406,0.037709,0.86185
9.7,0.86491,0.88442,9.3977,0.9665,0.9665,21.536,0.14478,0.086145,0.17351,0.83459,0.54708,0.062849,0.19768,0.7777,0.12099,0.037032,0.0039484,1.1194,0.10397,0.037664,0.85499
9.8,0.85838,0.87781,9.3287,0.9665,0.9665,21.536,0.14472,0.086116,0.16912,0.85598,0.56297,0.058193,0.20976,0.80984,0.12696,0.036972,0.0038739,1.1219,0.10388,0.037621,0.84842
9.9,0.85161,0.87097,9.257,0.9665,0.9665,21.536,0.14466,0.086089,0.16487,0.87733,0.579,0.053771,0.22237,0.84456,0.1336,0.036916,0.0037977,1.1244,0.1038,0.03758,0.84213
10,0.84403,0.86317,9.1792,0.9665,0.9665,21.536,0.14461,0.086064,0.16075,0.89863,0.59513,0.049584,0.23543,0.88193,0.14096,0.036864,0.0037197,1.1268,0.10372,0.037544,0.83618
10.1,0.83398,0.85228,9.0828,0.9665,0.9665,21.536,0.14456,0.086041,0.15676,0.91986,0.61136,0.045628,0.24878,0.92191,0.14908,0.036815,0.0036388,1.1292,0.10365,0.03751,0.83051
10.2,0.81957,0.83603,8.9464,0.9665,0.9665,21.536,0.14451,0.086019,0.15289,0.94088,0.62764,0.04191,0.26233,0.96446,0.158,0.036769,0.0035527,1.1315,0.10359,0.037479,0.8251
10.3,0.80096,0.8149,8.7591,0.9665,0.9665,21.536,0.14447,0.085999,0.14916,0.96163,0.64395,0.038428,0.27599,1.0095,0.16774,0.036726,0.0034572,1.1338,0.10353,0.03745,0.81994
10.4,0.7792,0.79049,8.5283,0.9665,0.9665,21.536,0.14443,0.08598,0.14554,0.98213,0.66026,0.035181,0.28967,1.0571,0.17831,0.036685,0.0033493,1.1361,0.10347,0.037423,0.815
10.5,0.75563,0.76461,8.2705,0.9665,0.9665,21.536,0.14439,0.085962,0.14204,1.0024,0.67655,0.032163,0.30327,1.107,0.18971,0.036647,0.0032278,1.1383,0.10341,0.037397,0.81028
10.6,0.73124,0.73848,8.0037,0.9665,0.9665,21.536,0.14436,0.085946,0.13865,1.0223,0.69277,0.02937,0.31669,1.1591,0.20193,0.036611,0.0030941,1.1405,0.10336,0.037373,0.80576
10.7,0.70629,0.71227,7.7331,0.9665,0.9665,21.536,0.14432,0.08593,0.13538,1.0418,0.70892,0.026795,0.32985,1.2133,0.21497,0.036577,0.0029516,1.1426,0.10331,0.03735,0.80142
10.8,0.68106,0.68621,7.4603,0.9665,0.9665,21.536,0.14429,0.085916,0.13221,1.0609,0.72494,0.024429,0.34268,1.2694,0.2288,0.036545,0.0028028,1.1447,0.10327,0.037328,0.79725
10.9,0.65572,0.66045,7.1867,0.9665,0.9665,21.536,0.14426,0.085902,0.12915,1.0795,0.74082,0.022262,0.35512,1.3272,0.24338,0.036516,0.0026504,1.1468,0.10323,0.037309,0.79336
11,0.63049,0.63514,6.9146,0.9665,0.9665,21.536,0.14423,0.08589,0.1262,1.0976,0.75651,0.020284,0.3671,1.3866,0.25868,0.036487,0.0024966,1.1488,0.10319,0.037291,0.78965
11.1,0.60549,0.61037,6.6455,0.9665,0.9665,21.536,0.14421,0.085878,0.12335,1.1151,0.77199,0.018487,0.3786,1.4473,0.27464,0.036461,0.0023435,1.1508,0.10315,0.037275,0.7861
11.2,0.58083,0.58621,6.3812,0.9665,0.9665,21.536,0.14418,0.085867,0.1206,1.132,0.78722,0.016858,0.38959,1.5091,0.29121,0.036436,0.0021925,1.1528,0.10312,0.037259,0.78271
11.3,0.55658,0.56269,6.1222,0.9665,0.9665,21.536,0.14416,0.085857,0.11794,1.1482,0.80217,0.015385,0.40006,1.5719,0.30831,0.036413,0.0020451,1.1547,0.10309,0.037244,0.77947
11.4,0.53278,0.53979,5.869,0.9665,0.9665,21.536,0.14414,0.085847,0.11538,1.1638,0.8168,0.014058,0.40999,1.6354,0.32587,0.036391,0.0019022,1.1566,0.10306,0.03723,0.77637
11.5,0.50945,0.51751,5.6213,0.9665,0.9665,21.536,0.14412,0.085838,0.11292,1.1786,0.83108,0.012865,0.41939,1.6995,0.34383,0.03637,0.0017645,1.1584,0.10303,0.037216,0.77339
11.6,0.48666,0.49586,5.38,0.9665,0.9665,21.536,0.1441,0.08583,0.11054,1.1926,0.84498,0.011796,0.42826,1.7639,0.36211,0.036351,0.0016333,1.1602,0.103,0.037203,0.77052
11.7,0.46438,0.47482,5.1446,0.9665,0.9665,21.536,0.14408,0.085822,0.10824,1.2059,0.85848,0.01084,0.4366,1.8278,0.38063,0.036333,0.0015086,1.162,0.10297,0.037189,0.76776
11.8,0.44266,0.45438,4.9154,0.9665,0.9665,21.536,0.14406,0.085815,0.10604,1.2184,0.87153,0.0099856,0.44444,1.8905,0.39932,0.036316,0.0013909,1.1637,0.10295,0.037174,0.76514
11.9,0.42153,0.43458,4.6928,0.96628,0.96628,21.536,0.14405,0.085808,0.10391,1.23,0.88412,0.0092237,0.45186,1.9055,0.41803,0.0363,0.0012802,1.1654,0.10303,0.037063,0.76262
12,0.40099,0.41541,4.4892,0.95832,0.95832,21.529,0.14403,0.085802,0.10189,1.2404,0.89615,0.008545,0.46095,0.86398,0.43393,0.036285,0.0011763,1.1671,0.10478,0.035405,0.75988
12.1,0.38106,0.39689,4.4013,0.91078,0.91078,21.447,0.14402,0.085796,0.1001,1.2469,0.90733,0.0079293,0.47802,0.041074,0.42759,0.036271,0.0010801,1.1687,0.11271,0.028408,0.75485
12.2,0.36172,0.37897,4.4281,0.85066,0.85066,21.219,0.144,0.08579,0.098687,1.2472,0.91732,0.0073659,0.49631,0.028595,0.41737,0.036258,0.00099322,1.1704,0.12184,0.021592,0.74666
12.3,0.34301,0.36169,4.4809,0.79372,0.79372,20.86,0.14399,0.085785,0.097629,1.2419,0.92572,0.0068603,0.51373,0.028718,0.40739,0.036246,0.00091621,1.1719,0.13037,0.016407,0.73673
12.4,0.32504,0.34519,4.5356,0.74055,0.74055,20.401,0.14398,0.08578,0.096892,1.232,0.93219,0.0064169,0.53028,0.02884,0.39766,0.036235,0.0008489,1.1735,0.13835,0.012505,0.72596
12.5,0.30774,0.32935,4.5883,0.69092,0.69092,19.866,0.14397,0.085776,0.096441,1.2184,0.93658,0.0060369,0.54603,0.02891,0.38815,0.036224,0.00079111,1.175,0.14583,0.0095657,0.71499
12.6,0.29115,0.31424,4.6382,0.64461,0.64461,19.274,0.14396,0.085772,0.096248,1.2017,0.93881,0.0057194,0.56102,0.028924,0.37888,0.036215,0.00074281,1.1765,0.15286,0.0073585,0.70412
12.7,0.27526,0.29982,4.6848,0.60141,0.60141,18.642,0.14395,0.085768,0.096284,1.1823,0.93887,0.0054617,0.57531,0.028894,0.36983,0.036206,0.00070408,1.1779,0.15948,0.0056999,0.69354
12.8,0.26008,0.2861,4.7283,0.56113,0.56113,17.982,0.14394,0.085764,0.096526,1.1606,0.93681,0.0052601,0.58893,0.028826,0.36099,0.036197,0.00067529,1.1793,0.16573,0.0044517,0.68334
12.9,0.2456,0.27308,4.769,0.52355,0.52355,17.308,0.14394,0.085761,0.096949,1.1372,0.93267,0.0051105,0.60193,0.028727,0.35237,0.03619,0.00065683,1.1807,0.17164,0.0035123,0.67356
13,0.23185,0.26077,4.8072,0.4885,0.4885,16.628,0.14393,0.085758,0.097537,1.1123,0.92656,0.0050088,0.61435,0.028603,0.34395,0.036183,0.00064972,1.1821,0.17723,0.0028075,0.6642
13.1,0.21881,0.24915,4.8435,0.45579,0.45579,15.953,0.14392,0.085755,0.098271,1.0861,0.91858,0.0049507,0.62623,0.02846,0.33574,0.036177,0.00065477,1.1834,0.18253,0.0022798,0.65527
13.2,0.20647,0.23822,4.8784,0.42529,0.42529,15.286,0.14392,0.085752,0.099142,1.0589,0.90887,0.0049326,0.6376,0.0283,0.32773,0.036171,0.00067412,1.1847,0.18754,0.0018851,0.64676
13.3,0.19483,0.22794,4.9122,0.39681,0.39681,14.634,0.14391,0.08575,0.10014,1.0308,0.89755,0.0049507,0.6485,0.028128,0.3199,0.036166,0.00070914,1.186,0.1923,0.0015909,0.63866
13.4,0.18382,0.21827,4.945,0.37025,0.37025,13.998,0.14391,0.085748,0.10125,1.0019,0.88476,0.0050029,0.65895,0.027945,0.31227,0.036162,0.00076328,1.1872,0.19681,0.0013725,0.63094
13.5,0.17344,0.20918,4.9771,0.34546,0.34546,13.384,0.1439,0.085746,0.10247,0.97246,0.87062,0.0050859,0.66898,0.027755,0.30481,0.036158,0.00083901,1.1885,0.20109,0.0012113,0.62359
13.6,0.1637,0.2007,5.0088,0.32233,0.32233,12.79,0.1439,0.085744,0.10381,0.94247,0.85525,0.005199,0.67861,0.027559,0.29754,0.036155,0.00094136,1.1896,0.20516,0.001093,0.6166
13.7,0.15457,0.19279,5.0404,0.30075,0.30075,12.22,0.1439,0.085742,0.10525,0.91209,0.83877,0.0053399,0.68787,0.027359,0.29043,0.036153,0.0010746,1.1908,0.20902,0.0010069,0.60995
13.8,0.14602,0.18541,5.0723,0.28061,0.28061,11.673,0.1439,0.08574,0.10679,0.88147,0.8213,0.0055083,0.69677,0.027157,0.2835,0.036152,0.0012459,1.1919,0.21268,0.00094506,0.60362
13.9,0.13803,0.17855,5.105,0.26182,0.26182,11.15,0.1439,0.085739,0.10843,0.8507,0.80295,0.0057031,0.70534,0.026953,0.27674,0.036151,0.0014623,1.193,0.21616,0.00090151,0.5976
14,0.13058,0.17218,5.1389,0.24429,0.24429,10.653,0.1439,0.085738,0.11018,0.81988,0.78381,0.0059241,0.71358,0.02675,0.27013,0.036152,0.0017339,1.1941,0.21947,0.00087157,0.59187
14.1,0.12363,0.16628,5.1742,0.22794,0.22794,10.179,0.1439,0.085737,0.11204,0.7891,0.76399,0.0061707,0.72152,0.026548,0.26368,0.036154,0.0020723,1.1951,0.22261,0.00085168,0.58642
14.2,0.11716,0.16079,5.2113,0.21267,0.21267,9.7292,0.1439,0.085736,0.11399,0.75844,0.74359,0.006443,0.72917,0.026348,0.25739,0.036158,0.0024908,1.196,0.2256,0.00083931,0.58124
14.3,0.11115,0.15572,5.2503,0.19844,0.19844,9.303,0.14391,0.085736,0.11605,0.72805,0.72272,0.006741,0.73653,0.026149,0.25125,0.036164,0.003008,1.197,0.22843,0.00083241,0.57631
14.4,0.10556,0.15102,5.2912,0.18515,0.18515,8.8998,0.14392,0.085735,0.11822,0.69805,0.70145,0.0070648,0.74362,0.025951,0.24525,0.036172,0.0036406,1.1979,0.23113,0.00082958,0.57162
14.5,0.10037,0.14667,5.3341,0.17275,0.17275,8.5186,0.14393,0.085735,0.1205,0.66856,0.6799,0.0074149,0.75045,0.025755,0.2394,0.036182,0.0044175,1.1987,0.23369,0.00082979,0.56715
14.6,0.09556,0.14265,5.379,0.16118,0.16118,8.1589,0.14394,0.085736,0.12288,0.6397,0.65816,0.0077916,0.75703,0.025559,0.23369,0.036196,0.0053594,1.1994,0.23613,0.00083224,0.56291
14.7,0.091102,0.13894,5.4261,0.15039,0.15039,7.8196,0.14396,0.085736,0.12538,0.61146,0.63632,0.0081948,0.76336,0.025369,0.22811,0.036214,0.0065032,1.2001,0.23845,0.00083613,0.55887
14.8,0.086973,0.13552,5.4753,0.14032,0.14032,7.5,0.14398,0.085737,0.128,0.5839,0.61446,0.0086247,0.76944,0.025186,0.22267,0.036236,0.0078828,1.2007,0.24065,0.00084102,0.55503
14.9,0.083156,0.13236,5.5268,0.13092,0.13092,7.1992,0.14401,0.085739,0.13073,0.55707,0.59266,0.0090814,0.77529,0.025003,0.21735,0.036263,0.0095421,1.2012,0.24275,0.00084657,0.55138
15,0.07963,0.12945,5.5809,0.12216,0.12216,6.9162,0.14404,0.085741,0.13357,0.53103,0.57099,0.0095653,0.7809,0.024818,0.21217,0.036297,0.011528,1.2016,0.24475,0.00085246,0.5479
15.1,0.07637,0.12677,5.6373,0.11397,0.11397,6.6503,0.14408,0.085744,0.13654,0.50583,0.54951,0.010077,0.78629,0.024639,0.20711,0.036339,0.013894,1.2019,0.24665,0.00085865,0.5446
15.2,0.073358,0.1243,5.6962,0.10634,0.10634,6.4005,0.14414,0.085748,0.13963,0.48154,0.5283,0.010616,0.79144,0.024463,0.20216,0.03639,0.016699,1.202,0.24846,0.00086488,0.54146
15.3,0.070584,0.12203,5.7574,0.09922,0.09922,6.166,0.1442,0.085752,0.14285,0.45819,0.50741,0.011183,0.79636,0.024287,0.19734,0.036452,0.020005,1.2019,0.25019,0.00087114,0.53846
15.4,0.068028,0.11994,5.8208,0.092575,0.092575,5.946,0.14427,0.085758,0.14619,0.43579,0.4869,0.011777,0.80105,0.024115,0.19263,0.036528,0.023876,1.2017,0.25183,0.00087733,0.53562
15.5,0.065669,0.11802,5.8863,0.086376,0.086376,5.7397,0.14436,0.085766,0.14965,0.41432,0.46681,0.0124,0.80551,0.023951,0.18803,0.036618,0.028382,1.2012,0.25341,0.0008835,0.53292
15.6,0.063498,0.11626,5.9539,0.080591,0.080591,5.5463,0.14447,0.085774,0.15325,0.39382,0.44719,0.01305,0.80973,0.023787,0.18355,0.036726,0.033589,1.2004,0.25491,0.00088948,0.53034
15.7,0.061506,0.11465,6.0234,0.075194,0.075194,5.3651,0.1446,0.085785,0.15698,0.37429,0.42809,0.013729,0.81373,0.023615,0.17917,0.036856,0.039567,1.1994,0.25636,0.00089525,0.5279
15.8,0.059674,0.11317,6.0948,0.070162,0.070162,5.1955,0.14475,0.085798,0.16083,0.35571,0.40951,0.014435,0.81748,0.023448,0.17489,0.037009,0.04637,1.198,0.25774,0.00090091,0.52557
15.9,0.057991,0.11181,6.1679,0.065464,0.065464,5.0366,0.14494,0.085813,0.16482,0.33808,0.39151,0.01517,0.82099,0.023284,0.17072,0.03719,0.054064,1.1963,0.25907,0.00090635,0.52335
16,0.056448,0.11057,6.2427,0.061083,0.061083,4.8879,0.14515,0.085831,0.16894,0.32138,0.3741,0.015933,0.82425,0.023122,0.16664,0.037403,0.062688,1.1942,0.26036,0.00091155,0.52125
16.1,0.055035,0.10944,6.3189,0.056995,0.056995,4.7487,0.1454,0.085852,0.17319,0.30557,0.3573,0.016723,0.82726,0.022961,0.16267,0.037652,0.072283,1.1916,0.2616,0.00091662,0.51924
16.2,0.053741,0.10841,6.3966,0.053179,0.053179,4.6185,0.14569,0.085877,0.17758,0.29066,0.34112,0.017542,0.83002,0.0228,0.15879,0.037941,0.082882,1.1885,0.26281,0.00092152,0.51734
16.3,0.052562,0.10747,6.4755,0.04962,0.04962,4.4968,0.14602,0.085906,0.1821,0.27659,0.32557,0.018389,0.83252,0.022637,0.155,0.038277,0.094472,1.185,0.26399,0.00092624,0.51553
16.4,0.051487,0.10662,6.5555,0.046297,0.046297,4.3829,0.14641,0.08594,0.18675,0.26335,0.31066,0.019264,0.83474,0.022471,0.1513,0.038662,0.10709,1.1809,0.26515,0.00093083,0.5138
16.5,0.050506,0.10585,6.6365,0.043199,0.043199,4.2765,0.14685,0.085979,0.19153,0.2509,0.29637,0.020167,0.83669,0.022309,0.14769,0.039104,0.12065,1.1762,0.26629,0.0009353,0.51216
16.6,0.049611,0.10515,6.7184,0.040307,0.040307,4.1769,0.14735,0.086024,0.19644,0.2392,0.28272,0.021098,0.83836,0.022147,0.14416,0.039607,0.13517,1.171,0.26742,0.00093966,0.5106
16.7,0.048803,0.10452,6.8009,0.037609,0.037609,4.0839,0.14792,0.086075,0.20148,0.22822,0.26969,0.022056,0.83975,0.021985,0.14072,0.040179,0.15057,1.1652,0.26855,0.00094394,0.50912
16.8,0.048078,0.10396,6.8841,0.035091,0.035091,3.9969,0.14857,0.086133,0.20664,0.21794,0.25728,0.023043,0.84083,0.02182,0.13736,0.040824,0.16679,1.1588,0.26968,0.00094816,0.5077
16.9,0.047429,0.10346,6.9678,0.032742,0.032742,3.9157,0.14929,0.086199,0.21193,0.2083,0.24547,0.024057,0.84161,0.021652,0.13409,0.041548,0.18375,1.1518,0.27082,0.00095233,0.50636
17,0.046851,0.10303,7.0521,0.030552,0.030552,3.8398,0.1501,0.086274,0.21734,0.19929,0.23425,0.0251,0.84209,0.021482,0.13088,0.042357,0.20135,1.1442,0.27198,0.0009565,0.50508
17.1,0.04634,0.10265,7.1368,0.028507,0.028507,3.7689,0.151,0.086357,0.22287,0.19086,0.22361,0.02617,0.84225,0.021309,0.12776,0.043258,0.21954,1.1361,0.27317,0.0009607,0.50388
17.2,0.04589,0.10233,7.2219,0.0266,0.0266,3.7027,0.152,0.086451,0.22852,0.18299,0.21352,0.027269,0.84208,0.021134,0.12471,0.044255,0.23818,1.1274,0.27439,0.00096493,0.50273
17.3,0.045497,0.10205,7.3073,0.024821,0.024821,3.6409,0.1531,0.086555,0.23427,0.17565,0.20398,0.028396,0.84159,0.020959,0.12173,0.045353,0.25718,1.1182,0.27566,0.00096921,0.50163
17.4,0.045156,0.10181,7.3929,0.023158,0.023158,3.5831,0.1543,0.08667,0.24014,0.16881,0.19496,0.02955,0.84076,0.020782,0.11883,0.046559,0.27648,1.1085,0.27698,0.00097358,0.50059
17.5,0.044871,0.10163,7.4788,0.02161,0.02161,3.5292,0.15562,0.086797,0.24611,0.16243,0.18644,0.030733,0.83959,0.020602,0.11599,0.047875,0.29594,1.0984,0.27835,0.00097804,0.4996
17.6,0.044636,0.10148,7.5648,0.020164,0.020164,3.4788,0.15705,0.086937,0.25218,0.1565,0.17841,0.031944,0.83807,0.020419,0.11322,0.049307,0.31549,1.0878,0.27978,0.00098262,0.49866
17.7,0.044449,0.10138,7.651,0.018813,0.018813,3.4317,0.1586,0.08709,0.25834,0.15097,0.17084,0.033183,0.83619,0.020233,0.11052,0.050859,0.33504,1.0769,0.28129,0.00098736,0.49776
17.8,0.044308,0.10132,7.7373,0.017555,0.017555,3.3878,0.16028,0.087256,0.2646,0.14583,0.16372,0.034451,0.83397,0.020042,0.10788,0.052533,0.35452,1.0656,0.28288,0.00099233,0.49691
17.9,0.044212,0.1013,7.8238,0.01638,0.01638,3.3468,0.16208,0.087437,0.27095,0.14105,0.15702,0.035747,0.83138,0.019845,0.1053,0.054333,0.37383,1.054,0.28456,0.00099752,0.4961
18,0.044156,0.10131,7.9105,0.015283,0.015283,3.3085,0.16401,0.087634,0.27739,0.1366,0.15073,0.037071,0.82843,0.019645,0.10279,0.056261,0.39293,1.0421,0.28634,0.0010029,0.49534
18.1,0.044139,0.10136,7.9973,0.014261,0.014261,3.2727,0.16606,0.087845,0.28391,0.13247,0.14482,0.038423,0.82512,0.019442,0.10034,0.058318,0.41177,1.03,0.28822,0.0010086,0.4946
18.2,0.044157,0.10144,8.0843,0.013306,0.013306,3.2393,0.16825,0.088073,0.2905,0.12863,0.13928,0.039804,0.82144,0.019234,0.097939,0.060508,0.43025,1.0176,0.29022,0.0010146,0.49391
18.3,0.044215,0.10155,8.1716,0.012417,0.012417,3.2083,0.17057,0.088318,0.29717,0.12507,0.13409,0.041213,0.8174,0.019024,0.0956,0.062827,0.44843,1.0051,0.29233,0.0010209,0.49324
18.4,0.044308,0.1017,8.259,0.011588,0.011588,3.1792,0.17303,0.088579,0.30391,0.12177,0.12923,0.04265,0.813,0.018811,0.093317,0.06528,0.46621,0.99247,0.29457,0.0010276,0.4926
18.5,0.044435,0.10187,8.3467,0.010813,0.010813,3.1521,0.17561,0.088858,0.31072,0.11871,0.12467,0.044115,0.80822,0.018595,0.091088,0.067868,0.48353,0.9797,0.29694,0.0010346,0.492
18.6,0.044596,0.10208,8.4347,0.01009,0.01009,3.1268,0.17834,0.089156,0.31759,0.11586,0.12041,0.045608,0.80309,0.018376,0.088912,0.07059,0.50039,0.96684,0.29944,0.0010421,0.49143
18.7,0.044792,0.10232,8.5232,0.0094166,0.0094166,3.1032,0.18119,0.089471,0.32452,0.11323,0.11644,0.047129,0.79761,0.018153,0.086788,0.073443,0.51682,0.95391,0.3021,0.0010499,0.49089
18.8,0.045021,0.10259,8.6122,0.0087879,0.0087879,3.0812,0.18418,0.089805,0.3315,0.11079,0.11272,0.048678,0.79177,0.017926,0.084714,0.07643,0.53277,0.94093,0.3049,0.0010583,0.49037
18.9,0.045283,0.10289,8.7016,0.0081997,0.0081997,3.0606,0.1873,0.090159,0.33855,0.10852,0.10924,0.050255,0.78559,0.017695,0.08269,0.079552,0.54818,0.92793,0.30787,0.0010671,0.48988
19,0.045578,0.10322,8.7918,0.0076516,0.0076516,3.0413,0.19055,0.090533,0.34565,0.10641,0.106,0.051859,0.77907,0.017461,0.080714,0.082806,0.56313,0.91492,0.311,0.0010764,0.48941
19.1,0.045904,0.10358,8.8827,0.0071409,0.0071409,3.0234,0.19394,0.090926,0.3528,0.10447,0.10298,0.05349,0.77222,0.017222,0.078786,0.086192,0.57761,0.90191,0.31431,0.0010863,0.48896
19.2,0.046262,0.10397,8.9745,0.0066636,0.0066636,3.0067,0.19746,0.091341,0.36001,0.10266,0.10016,0.055149,0.76505,0.016979,0.076903,0.08971,0.59159,0.88893,0.31777,0.0010966,0.48853
19.3,0.046651,0.10439,9.0673,0.0062168,0.0062168,2.991,0.20111,0.091776,0.36728,0.10097,0.097525,0.056836,0.75756,0.016732,0.075064,0.09336,0.60506,0.876,0.32141,0.0011076,0.48813
19.4,0.047071,0.10484,9.1612,0.0058018,0.0058018,2.9765,0.20489,0.092234,0.3746,0.099407,0.095076,0.058549,0.74978,0.016483,0.07327,0.097144,0.6181,0.8631,0.32523,0.0011191,0.48775
19.5,0.047522,0.10532,9.2563,0.0054142,0.0054142,2.9629,0.20881,0.092714,0.38199,0.097951,0.092792,0.06029,0.74171,0.016232,0.071519,0.10106,0.63069,0.85026,0.32925,0.0011312,0.48738
19.6,0.048003,0.10583,9.3527,0.0050518,0.0050518,2.9501,0.21285,0.093217,0.38944,0.096591,0.090661,0.062058,0.73336,0.015977,0.069809,0.10511,0.64282,0.8375,0.33345,0.001144,0.48703
19.7,0.048514,0.10636,9.4505,0.0047134,0.0047134,2.9383,0.21704,0.093745,0.39695,0.095317,0.088673,0.063853,0.72475,0.015721,0.068139,0.10929,0.65451,0.82481,0.33786,0.0011574,0.4867
19.8,0.049054,0.10692,9.5498,0.0043986,0.0043986,2.9272,0.22136,0.094298,0.40455,0.094125,0.086823,0.065676,0.7159,0.015464,0.06651,0.11361,0.66581,0.8122,0.34247,0.0011715,0.48638
19.9,0.049622,0.10751,9.6506,0.0041046,0.0041046,2.9169,0.22581,0.094876,0.41223,0.093002,0.085096,0.067525,0.70682,0.015206,0.064919,0.11807,0.6767,0.79968,0.34726,0.0011862,0.48609
20,0.050219,0.10813,9.7532,0.0038295,0.0038295,2.9072,0.2304,0.095481,0.41999,0.091937,0.08348,0.069402,0.69751,0.014948,0.063367,0.12266,0.6872,0.78727,0.35226,0.0012016,0.4858
20.1,0.050847,0.10877,9.8575,0.0035734,0.0035734,2.8982,0.23514,0.096114,0.42785,0.090928,0.081972,0.071307,0.688,0.014689,0.061851,0.12739,0.69733,0.77495,0.35747,0.0012177,0.48553
20.2,0.051505,0.10945,9.9637,0.0033347,0.0033347,2.8899,0.24002,0.096777,0.43583,0.089965,0.080561,0.07324,0.67831,0.01443,0.060371,0.13227,0.70711,0.76274,0.36289,0.0012345,0.48528
20.3,0.052195,0.11015,10.072,0.0031117,0.0031117,2.882,0.24504,0.09747,0.44392,0.089037,0.079237,0.075201,0.66845,0.01417,0.058927,0.1373,0.71655,0.75065,0.36852,0.0012521,0.48503
20.4,0.052915,0.11089,10.182,0.0029031,0.0029031,2.8747,0.25022,0.098195,0.45215,0.088138,0.07799,0.077191,0.65842,0.013909,0.057517,0.14247,0.72567,0.73867,0.37438,0.0012704,0.4848
20.5,0.053667,0.11165,10.295,0.0027093,0.0027093,2.8679,0.25555,0.098955,0.46053,0.087266,0.07682,0.07921,0.64826,0.013648,0.056141,0.1478,0.73447,0.7268,0.38047,0.0012894,0.48458
20.6,0.05445,0.11245,10.409,0.0025283,0.0025283,2.8615,0.26103,0.09975,0.46908,0.08641,0.075713,0.081259,0.63798,0.013385,0.054798,0.15329,0.74298,0.71506,0.38679,0.0013092,0.48437
20.7,0.055267,0.11328,10.527,0.002359,0.002359,2.8556,0.26668,0.10058,0.4778,0.085562,0.074662,0.083338,0.62758,0.013122,0.053486,0.15893,0.7512,0.70344,0.39333,0.0013298,0.48418
20.8,0.056116,0.11414,10.647,0.0022009,0.0022009,2.85,0.27249,0.10145,0.48673,0.084719,0.073662,0.085449,0.61709,0.012859,0.052206,0.16475,0.75916,0.69195,0.40012,0.0013512,0.48399
20.9,0.056998,0.11503,10.769,0.0020536,0.0020536,2.8449,0.27848,0.10237,0.49588,0.083875,0.072707,0.087592,0.60652,0.012596,0.050956,0.17074,0.76686,0.68059,0.40715,0.0013733,0.48382
21,0.057915,0.11596,10.895,0.0019162,0.0019162,2.84,0.28465,0.10333,0.50527,0.083025,0.071789,0.089769,0.59588,0.012335,0.049736,0.17691,0.77432,0.66935,0.41442,0.0013963,0.48365
21.1,0.058867,0.11692,11.024,0.0017879,0.0017879,2.8355,0.29101,0.10433,0.51493,0.082164,0.070904,0.09198,0.58519,0.012075,0.048546,0.18327,0.78154,0.65824,0.42194,0.0014202,0.48349
21.2,0.059855,0.11792,11.155,0.0016681,0.0016681,2.8313,0.29756,0.10539,0.52489,0.081287,0.070045,0.094227,0.57446,0.011817,0.047383,0.18982,0.78855,0.64727,0.42972,0.0014449,0.48334
21.3,0.060878,0.11895,11.29,0.0015563,0.0015563,2.8274,0.30431,0.1065,0.53516,0.08039,0.069207,0.096512,0.5637,0.011561,0.046249,0.19657,0.79535,0.63643,0.43776,0.0014705,0.4832
21.4,0.061938,0.12002,11.429,0.001452,0.001452,2.8237,0.31128,0.10767,0.54579,0.07947,0.068385,0.098837,0.55293,0.011308,0.045141,0.20353,0.80195,0.62571,0.44606,0.001497,0.48306
21.5,0.063035,0.12112,11.571,0.0013547,0.0013547,2.8203,0.31846,0.1089,0.55679,0.078523,0.067574,0.1012,0.54216,0.011057,0.04406,0.21071,0.80836,0.61513,0.45467,0.0015245,0.48293
21.6,0.064172,0.12227,11.717,0.0012639,0.0012639,2.8171,0.32587,0.1102,0.5682,0.077549,0.066771,0.10361,0.53139,0.010809,0.043004,0.21812,0.81459,0.60469,0.46361,0.0015529,0.48281
21.7,0.065348,0.12345,11.867,0.0011791,0.0011791,2.8141,0.33352,0.11157,0.58004,0.076547,0.065971,0.10607,0.52063,0.010562,0.041974,0.22577,0.82066,0.59437,0.47284,0.0015824,0.4827
21.8,0.066566,0.12468,12.021,0.0011001,0.0011001,2.8113,0.34141,0.11302,0.59236,0.075514,0.06517,0.10857,0.5099,0.010317,0.040969,0.23367,0.82656,0.58419,0.48239,0.0016128,0.48259
21.9,0.067856,0.12598,12.18,0.0010264,0.0010264,2.8088,0.34957,0.11455,0.60517,0.074451,0.064366,0.11112,0.49921,0.010073,0.039987,0.24182,0.8323,0.57414,0.49225,0.0016443,0.48249
22,0.069345,0.12752,12.347,0.00095768,0.00095768,2.8063,0.35801,0.11617,0.61852,0.073356,0.063556,0.11373,0.48856,0.0098335,0.039029,0.25027,0.83791,0.56423,0.50243,0.0016768,0.48239
22.1,0.071105,0.12939,12.523,0.00089357,0.00089357,2.8041,0.36676,0.11789,0.63244,0.072232,0.062738,0.11639,0.47796,0.0095976,0.038094,0.25901,0.84339,0.55444,0.51293,0.0017104,0.4823
22.2,0.073439,0.13196,12.718,0.00083376,0.00083376,2.802,0.37588,0.11974,0.64695,0.071079,0.061909,0.11912,0.46742,0.0093641,0.037181,0.26814,0.84876,0.54478,0.52378,0.0017451,0.48222
22.3,0.076603,0.13553,12.943,0.00077794,0.00077794,2.8,0.38547,0.12175,0.66209,0.069899,0.061068,0.12191,0.45693,0.0091326,0.03629,0.27773,0.85407,0.53524,0.53496,0.0017809,0.48213
22.4,0.080637,0.1401,13.213,0.00072586,0.00072586,2.7982,0.39573,0.12398,0.67785,0.068702,0.060215,0.12476,0.44652,0.0089037,0.03542,0.28798,0.85937,0.52582,0.54657,0.0018179,0.48206
22.5,0.085708,0.14585,13.538,0.00067725,0.00067725,2.7965,0.40681,0.12649,0.69427,0.067489,0.059348,0.12768,0.43619,0.0086773,0.034571,0.29906,0.8647,0.5165,0.55892,0.0018567,0.48198
22.6,0.091785,0.15269,13.936,0.00063191,0.00063191,2.7949,0.41906,0.12942,0.71138,0.066261,0.058469,0.13068,0.42593,0.0084547,0.033743,0.31131,0.87015,0.50728,0.57184,0.0018971,0.48192
22.7,0.098938,0.16068,14.415,0.0005896,0.0005896,2.7934,0.43276,0.1329,0.72921,0.06502,0.057578,0.13376,0.41576,0.0082356,0.032934,0.32501,0.87574,0.49815,0.58539,0.0019391,0.48185
22.8,0.10715,0.16978,14.988,0.00055012,0.00055012,2.792,0.44831,0.13714,0.74777,0.063767,0.056674,0.13691,0.40568,0.0080193,0.032144,0.34056,0.88154,0.48911,0.59959,0.0019828,0.48179
22.9,0.11644,0.17998,15.662,0.00051329,0.00051329,2.7907,0.46607,0.14243,0.76708,0.062508,0.05576,0.14016,0.39569,0.0078059,0.031374,0.35832,0.88755,0.48014,0.61449,0.0020283,0.48174
23,0.12682,0.19127,16.446,0.00047892,0.00047892,2.7895,0.48644,0.14906,0.78713,0.061251,0.054835,0.14349,0.38581,0.0075952,0.030621,0.3787,0.89379,0.47126,0.63072,0.0020767,0.48169
23.1,0.13827,0.20364,17.343,0.00044685,0.00044685,2.7884,0.50972,0.15758,0.80794,0.059999,0.053902,0.14691,0.37602,0.0073877,0.029887,0.40198,0.9002,0.46247,0.64828,0.0021282,0.48164
23.2,0.1508,0.21707,18.361,0.00041693,0.00041693,2.7873,0.53624,0.16844,0.8295,0.058756,0.052961,0.15043,0.36635,0.007184,0.029171,0.42849,0.90677,0.45378,0.66726,0.0021828,0.4816
23.3,0.16434,0.23148,19.5,0.00038902,0.00038902,2.7863,0.56603,0.18257,0.8518,0.057523,0.052017,0.15406,0.35678,0.0069835,0.028471,0.45829,0.91342,0.44518,0.6878,0.0022409,0.48156
23.4,0.17886,0.24683,20.765,0.00036297,0.00036297,2.7854,0.5993,0.20066,0.87486,0.056303,0.051069,0.15778,0.34733,0.0067863,0.027789,0.49156,0.9201,0.4367,0.71052,0.0023045,0.48153
23.5,0.19429,0.26302,22.155,0.00033869,0.00033869,2.7846,0.63578,0.22407,0.89865,0.055103,0.050121,0.16162,0.338,0.006592,0.027122,0.52803,0.92675,0.42834,0.73544,0.0023733,0.4815
23.6,0.21056,0.27997,23.671,0.00031627,0.00031627,2.7838,0.67546,0.25379,0.92316,0.053926,0.049174,0.16557,0.32879,0.0064007,0.026472,0.56772,0.9333,0.42009,0.76275,0.0024478,0.48148
23.7,0.22754,0.29753,25.308,0.00029984,0.00029984,2.783,0.71786,0.29151,0.94836,0.052778,0.048231,0.16963,0.31971,0.006213,0.025837,0.61012,0.9397,0.41198,0.79268,0.0025291,0.48146
23.8,0.24499,0.3154,27.058,0.00044662,0.00044662,2.7825,0.76248,0.33887,0.97422,0.05166,0.047295,0.17381,0.31076,0.0060317,0.025217,0.65473,0.9459,0.404,0.82546,0.002628,0.48144
23.9,0.26308,0.33383,28.804,0.0091742,0.0091742,2.7882,0.80872,0.39699,1.0007,0.050658,0.046369,0.17811,0.30191,0.0059764,0.024612,0.70098,0.95186,0.39616,0.86072,0.0030928,0.48144
24,0.28152,0.35248,26.219,0.28691,0.28691,3.0469,0.85137,0.45048,1.0278,0.052878,0.045559,0.18254,0.29198,0.011787,0.024022,0.74363,0.95721,0.38847,0.88439,0.016917,0.4819
