0,1.0084,1.0302,121.31,0.28705,0.28705,3.039,2.0371,5.4457,1.1352,0.003706,0.00032821,0.46827,0.046657,0.0017972,6.5709e-05,1.9293,1.0335,0.062141,3.9136,0.077237,0.52334
0.1,1.0084,1.0302,43.797,0.84322,0.84322,4.7268,2.0239,5.3424,1.1336,0.018634,0.0014156,0.46969,0.045513,0.010255,6.4432e-05,1.9161,1.0327,0.060985,3.6174,0.33739,0.75334
0.2,1.0084,1.0302,16.307,0.95058,0.95058,6.9952,1.9257,4.9958,1.1281,0.032992,0.0039603,0.47095,0.044344,0.021434,6.4824e-05,1.818,1.0144,0.062562,3.3077,0.5579,1.2624
0.3,1.0084,1.0302,11.711,0.9645,0.9645,9.0623,1.8071,4.664,1.1188,0.044012,0.0074814,0.47194,0.043256,0.032139,6.8055e-05,1.6993,0.9473,0.078162,3.035,0.70014,1.8418
0.4,1.0084,1.0302,11.027,0.96626,0.96626,10.849,1.6955,4.3545,1.1064,0.052195,0.011528,0.47262,0.042243,0.042339,7.5287e-05,1.5878,0.86738,0.099054,2.7929,0.78508,2.4261
0.5,1.0084,1.0302,10.929,0.96647,0.96647,12.381,1.5914,4.0659,1.0914,0.058037,0.015764,0.473,0.041303,0.052013,8.7554e-05,1.4837,0.79036,0.12069,2.5765,0.82912,2.9958
0.6,1.0084,1.0302,10.917,0.9665,0.9665,13.694,1.4942,3.7968,1.0742,0.061958,0.019943,0.47309,0.040432,0.061152,0.00010561,1.3865,0.71874,0.14232,2.3819,0.84416,3.5436
0.7,1.0084,1.0302,10.915,0.9665,0.9665,14.819,1.4036,3.5459,1.0553,0.064313,0.023892,0.4729,0.039624,0.069758,0.00012998,1.2958,0.65293,0.16375,2.206,0.83932,4.0654
0.8,1.0084,1.0302,10.909,0.96651,0.96651,15.782,1.319,3.312,1.0351,0.065406,0.027496,0.47247,0.038878,0.077859,0.00016101,1.2112,0.5928,0.18487,2.0463,0.82107,4.5594
0.9,1.0084,1.0302,10.915,0.9665,0.9665,16.607,1.2401,3.0939,1.0139,0.065488,0.030682,0.47183,0.03819,0.085456,0.00019887,1.1323,0.538,0.20565,1.9007,0.79394,5.0248
1,1.0084,1.0302,10.908,0.9665,0.9665,17.314,1.1665,2.8905,0.99201,0.064765,0.033413,0.471,0.037556,0.09256,0.00024363,1.0587,0.48817,0.22607,1.7676,0.76115,5.4611
1.1,1.0084,1.0302,10.91,0.9665,0.9665,17.92,1.0978,2.7009,0.96963,0.063417,0.035673,0.47002,0.036973,0.099241,0.00029524,0.99005,0.44289,0.24612,1.6456,0.72515,5.8682
1.2,1.0084,1.0302,10.915,0.9665,0.9665,18.438,1.0337,2.5241,0.94697,0.06159,0.037468,0.46891,0.036438,0.10552,0.00035362,0.92599,0.40179,0.2658,1.5335,0.68765,6.2458
1.3,1.0084,1.0302,10.913,0.9665,0.9665,18.882,0.97398,2.3593,0.9242,0.059406,0.038819,0.46769,0.035949,0.11137,0.00041855,0.86623,0.3645,0.28511,1.4303,0.64989,6.5938
1.4,1.0084,1.0302,10.91,0.9665,0.9665,19.262,0.91823,2.2056,0.90146,0.056972,0.03975,0.46637,0.035502,0.11682,0.00048979,0.81049,0.3307,0.30405,1.3352,0.61271,6.9122
1.5,1.0084,1.0302,10.91,0.9665,0.9665,19.588,0.86623,2.0623,0.87885,0.054368,0.040295,0.46496,0.035094,0.1219,0.00056701,0.75849,0.30004,0.32263,1.2474,0.5766,7.2009
1.6,1.0084,1.0302,10.911,0.9665,0.9665,19.867,0.81773,1.9287,0.85648,0.051657,0.040491,0.46349,0.034724,0.12664,0.00064991,0.70998,0.27227,0.34085,1.1662,0.54188,7.4599
1.7,1.0084,1.0302,10.912,0.9665,0.9665,20.106,0.77248,1.8041,0.83441,0.048897,0.040375,0.46194,0.034389,0.13104,0.00073813,0.66473,0.24709,0.35872,1.0912,0.50868,7.6894
1.8,1.0084,1.0302,10.912,0.9665,0.9665,20.311,0.73026,1.6879,0.8127,0.046127,0.039985,0.46034,0.034087,0.13514,0.0008313,0.62252,0.22428,0.37624,1.0217,0.4773,7.8892
1.9,1.0084,1.0302,10.912,0.9665,0.9665,20.487,0.69089,1.5796,0.79141,0.043383,0.03936,0.45868,0.033815,0.13894,0.00092904,0.58314,0.20361,0.39341,0.95732,0.44765,8.0598
2,1.0084,1.0302,10.912,0.9665,0.9665,20.636,0.65417,1.4787,0.77055,0.040686,0.038532,0.45697,0.033572,0.14245,0.0010309,0.54642,0.18492,0.41025,0.89761,0.41986,8.2013
2.1,1.0084,1.0302,10.912,0.9665,0.9665,20.765,0.61991,1.3845,0.75018,0.038071,0.037538,0.45521,0.033356,0.14568,0.0011366,0.51217,0.16798,0.42676,0.84225,0.39379,8.3142
2.2,1.0084,1.0302,10.912,0.9665,0.9665,20.874,0.58796,1.2968,0.7303,0.035548,0.036407,0.4534,0.033166,0.14866,0.0012456,0.48022,0.15264,0.44295,0.79086,0.36943,8.3992
2.3,1.0084,1.0302,10.912,0.9665,0.9665,20.969,0.55816,1.215,0.71096,0.033132,0.035167,0.45154,0.033,0.15138,0.0013576,0.45041,0.13875,0.45882,0.74316,0.34665,8.4569
2.4,1.0084,1.0302,10.912,0.9665,0.9665,21.05,0.53034,1.1386,0.69214,0.030833,0.033847,0.44964,0.032856,0.15386,0.0014722,0.4226,0.12616,0.47437,0.69887,0.32539,8.4883
2.5,1.0084,1.0302,10.912,0.9665,0.9665,21.119,0.50441,1.0675,0.67386,0.028645,0.032466,0.44769,0.032733,0.1561,0.001589,0.39666,0.11477,0.48962,0.65771,0.30556,8.4945
2.6,1.0084,1.0302,10.912,0.9665,0.9665,21.179,0.4802,1.0011,0.65613,0.026581,0.031049,0.44569,0.03263,0.15811,0.0017075,0.37245,0.10444,0.50457,0.61953,0.28709,8.4773
2.7,1.0084,1.0302,10.912,0.9665,0.9665,21.23,0.45763,0.93929,0.63894,0.024629,0.029607,0.44365,0.032547,0.1599,0.0018274,0.34988,0.095097,0.51922,0.58408,0.26989,8.4377
2.8,1.0084,1.0302,10.912,0.9665,0.9665,21.274,0.43656,0.88158,0.62228,0.022796,0.028163,0.44156,0.032481,0.16146,0.0019482,0.32881,0.086622,0.53358,0.55106,0.25389,8.3768
2.9,1.0084,1.0302,10.912,0.9665,0.9665,21.311,0.41691,0.82781,0.60616,0.021074,0.026721,0.43943,0.032432,0.16281,0.0020697,0.30917,0.078963,0.54766,0.52032,0.239,8.2963
3,1.0084,1.0302,10.912,0.9665,0.9665,21.343,0.39858,0.77764,0.59056,0.019463,0.0253,0.43725,0.0324,0.16395,0.0021913,0.29084,0.072018,0.56147,0.49181,0.22515,8.1986
3.1,1.0084,1.0302,10.912,0.9665,0.9665,21.371,0.38149,0.7309,0.57548,0.017957,0.023901,0.43504,0.032383,0.16487,0.0023128,0.27375,0.065744,0.57499,0.46525,0.21227,8.0848
3.2,1.0084,1.0302,10.912,0.9665,0.9665,21.394,0.36555,0.68732,0.56092,0.016553,0.022536,0.43278,0.032381,0.16558,0.0024337,0.2578,0.060062,0.58826,0.44042,0.20027,7.9561
3.3,1.0084,1.0302,10.912,0.9665,0.9665,21.415,0.35067,0.64666,0.54685,0.015247,0.021213,0.43048,0.032393,0.16608,0.0025536,0.24292,0.054909,0.60126,0.41741,0.18912,7.8153
3.4,1.0084,1.0302,10.912,0.9665,0.9665,21.432,0.3368,0.60878,0.53328,0.014033,0.01993,0.42814,0.032418,0.16636,0.0026722,0.22905,0.050257,0.614,0.39598,0.17874,7.6637
3.5,1.0084,1.0302,10.912,0.9665,0.9665,21.447,0.32385,0.57343,0.52018,0.012908,0.018699,0.42577,0.032457,0.16643,0.002789,0.2161,0.046034,0.62649,0.37598,0.16906,7.5029
3.6,1.0084,1.0302,10.912,0.9665,0.9665,21.459,0.31177,0.54048,0.50756,0.011867,0.017516,0.42336,0.032508,0.16629,0.0029038,0.20403,0.042216,0.63873,0.35734,0.16005,7.3345
3.7,1.0084,1.0302,10.912,0.9665,0.9665,21.47,0.30051,0.50976,0.49539,0.010904,0.016385,0.42091,0.032571,0.16593,0.003016,0.19276,0.03876,0.65073,0.34003,0.15167,7.1599
3.8,1.0084,1.0302,10.912,0.9665,0.9665,21.48,0.28999,0.48109,0.48367,0.010015,0.01531,0.41844,0.032646,0.16535,0.0031254,0.18225,0.035623,0.6625,0.32389,0.14386,6.9808
3.9,1.0084,1.0302,10.912,0.9665,0.9665,21.488,0.28019,0.45439,0.47239,0.0091954,0.014285,0.41593,0.032732,0.16455,0.0032315,0.17245,0.032793,0.67403,0.30882,0.13656,6.7988
4,1.0084,1.0302,10.912,0.9665,0.9665,21.495,0.27104,0.42948,0.46153,0.0084404,0.013316,0.41339,0.032829,0.16353,0.0033339,0.1633,0.030225,0.68533,0.29483,0.12979,6.6139
4.1,1.0084,1.0302,10.912,0.9665,0.9665,21.5,0.26251,0.40625,0.45107,0.0077458,0.012399,0.41083,0.032937,0.16229,0.0034323,0.15476,0.027901,0.69641,0.28181,0.12348,6.428
4.2,1.0084,1.0302,10.912,0.9665,0.9665,21.506,0.25455,0.38459,0.44102,0.0071073,0.011533,0.40824,0.033055,0.16081,0.0035264,0.14681,0.0258,0.70727,0.26964,0.11758,6.2425
4.3,1.0084,1.0302,10.912,0.9665,0.9665,21.51,0.24712,0.36439,0.43135,0.0065203,0.010719,0.40563,0.033183,0.15911,0.0036157,0.13938,0.023893,0.71792,0.25833,0.1121,6.0574
4.4,1.0084,1.0302,10.912,0.9665,0.9665,21.514,0.2402,0.34557,0.42205,0.005982,0.0099533,0.40299,0.033322,0.15719,0.0036999,0.13245,0.022173,0.72835,0.2478,0.10701,5.8733
4.5,1.0084,1.0302,10.912,0.9665,0.9665,21.517,0.23374,0.32801,0.41312,0.005488,0.0092352,0.40034,0.033469,0.15503,0.0037787,0.12599,0.020614,0.73858,0.23799,0.10226,5.6915
4.6,1.0084,1.0302,10.912,0.9665,0.9665,21.52,0.22771,0.31164,0.40453,0.005035,0.0085629,0.39767,0.033627,0.15265,0.0038518,0.11996,0.019201,0.7486,0.22881,0.097817,5.5131
4.7,1.0084,1.0302,10.912,0.9665,0.9665,21.522,0.22209,0.29638,0.39628,0.0046205,0.007934,0.39498,0.033793,0.15005,0.0039188,0.11434,0.017926,0.75843,0.2203,0.093701,5.3366
4.8,1.0084,1.0302,10.912,0.9665,0.9665,21.524,0.21684,0.28214,0.38836,0.0042405,0.0073472,0.39228,0.033969,0.14723,0.0039795,0.10909,0.016767,0.76806,0.21236,0.089866,5.1638
4.9,1.0084,1.0302,10.912,0.9665,0.9665,21.526,0.21194,0.26887,0.38076,0.0038932,0.0068,0.38957,0.034154,0.1442,0.0040338,0.1042,0.015722,0.77751,0.20495,0.086286,4.9951
5,1.0084,1.0302,10.912,0.9665,0.9665,21.527,0.20738,0.2565,0.37346,0.0035756,0.0062905,0.38685,0.034347,0.14097,0.0040813,0.099635,0.014775,0.78676,0.19803,0.082948,4.8306
5.1,1.0084,1.0302,10.912,0.9665,0.9665,21.528,0.20312,0.24495,0.36645,0.003285,0.0058167,0.38412,0.03455,0.13755,0.0041219,0.095374,0.013916,0.79583,0.19161,0.079848,4.6697
5.2,1.0084,1.0302,10.912,0.9665,0.9665,21.529,0.19915,0.2342,0.35973,0.0030201,0.0053767,0.38138,0.034761,0.13396,0.0041557,0.091403,0.013141,0.80472,0.18561,0.076956,4.5134
5.3,1.0084,1.0302,10.912,0.9665,0.9665,21.53,0.19544,0.22417,0.35329,0.0027779,0.0049683,0.37864,0.03498,0.13021,0.0041823,0.087696,0.012438,0.81344,0.18001,0.074253,4.362
5.4,1.0084,1.0302,10.912,0.9665,0.9665,21.531,0.19198,0.21481,0.3471,0.002557,0.0045898,0.3759,0.035208,0.12631,0.004202,0.084239,0.011802,0.82198,0.17479,0.07174,4.2147
5.5,1.0084,1.0302,10.912,0.9665,0.9665,21.532,0.18876,0.20609,0.34118,0.0023557,0.0042394,0.37315,0.035444,0.1223,0.0042147,0.081015,0.011227,0.83036,0.16994,0.0694,4.072
5.6,1.0084,1.0302,10.912,0.9665,0.9665,21.532,0.18575,0.19795,0.3355,0.0021719,0.0039151,0.3704,0.035688,0.11819,0.0042204,0.078003,0.010705,0.83856,0.1654,0.067215,3.934
5.7,1.0084,1.0302,10.912,0.9665,0.9665,21.533,0.18295,0.19038,0.33005,0.002005,0.0036156,0.36766,0.035941,0.11402,0.0042197,0.0752,0.010235,0.84661,0.16116,0.065173,3.8008
5.8,1.0084,1.0302,10.912,0.9665,0.9665,21.533,0.18033,0.18331,0.32483,0.0018528,0.0033391,0.36491,0.036202,0.1098,0.0042125,0.072583,0.0098092,0.8545,0.15723,0.063278,3.6718
5.9,1.0084,1.0302,10.912,0.9665,0.9665,21.534,0.17788,0.17671,0.31984,0.0017139,0.0030837,0.36217,0.03647,0.10557,0.004199,0.070139,0.009422,0.86223,0.15356,0.061509,3.5474
6,1.0084,1.0302,10.912,0.9665,0.9665,21.534,0.17561,0.17057,0.31505,0.0015881,0.0028486,0.35944,0.036747,0.10135,0.0041798,0.067863,0.0090738,0.8698,0.15013,0.059857,3.4275
6.1,1.0084,1.0302,10.912,0.9665,0.9665,21.534,0.17348,0.16484,0.31047,0.0014734,0.0026319,0.35671,0.037032,0.097169,0.004155,0.065738,0.0087579,0.87723,0.14693,0.058318,3.312
6.2,1.0084,1.0302,10.912,0.9665,0.9665,21.535,0.1715,0.15949,0.30608,0.0013689,0.0024322,0.35398,0.037324,0.093057,0.0041249,0.063753,0.0084707,0.88451,0.14396,0.056889,3.2006
6.3,1.0084,1.0302,10.912,0.9665,0.9665,21.535,0.16965,0.15451,0.30188,0.0012743,0.0022488,0.35127,0.037625,0.089038,0.0040904,0.061905,0.0082124,0.89165,0.14119,0.055556,3.0935
6.4,1.0084,1.0302,10.912,0.9665,0.9665,21.535,0.16793,0.14987,0.29787,0.0011882,0.0020801,0.34856,0.037933,0.08514,0.0040515,0.06018,0.0079779,0.89864,0.1386,0.054309,2.9906
6.5,1.0084,1.0302,10.912,0.9665,0.9665,21.535,0.16631,0.14553,0.29402,0.0011099,0.001925,0.34587,0.038249,0.081385,0.0040087,0.058569,0.007765,0.9055,0.13618,0.053144,2.8916
6.6,1.0084,1.0302,10.912,0.9665,0.9665,21.535,0.16481,0.14149,0.29035,0.0010391,0.0017829,0.34319,0.038573,0.077785,0.0039627,0.057068,0.0075733,0.91222,0.13394,0.052065,2.7965
6.7,1.0084,1.0302,10.912,0.9665,0.9665,21.535,0.16341,0.13773,0.28684,0.00097486,0.0016523,0.34052,0.038904,0.074368,0.0039137,0.055667,0.0073993,0.91881,0.13184,0.051057,2.7052
6.8,1.0084,1.0302,10.912,0.9665,0.9665,21.535,0.1621,0.13421,0.28348,0.00091653,0.0015326,0.33786,0.039243,0.071145,0.0038621,0.054359,0.0072415,0.92526,0.12988,0.050115,2.6175
6.9,1.0084,1.0302,10.912,0.9665,0.9665,21.535,0.16089,0.13094,0.28027,0.00086391,0.001423,0.33522,0.03959,0.068112,0.0038084,0.053141,0.0070993,0.93159,0.12804,0.049232,2.5335
7,1.0084,1.0302,10.912,0.9665,0.9665,21.536,0.15975,0.12788,0.27721,0.0008162,0.0013226,0.33259,0.039945,0.065295,0.0037531,0.052003,0.0069702,0.9378,0.12634,0.048415,2.4529
7.1,1.0084,1.0302,10.912,0.9665,0.9665,21.536,0.15869,0.12503,0.27428,0.00077297,0.0012306,0.32998,0.040307,0.062698,0.0036964,0.050941,0.0068531,0.94388,0.12476,0.047652,2.3756
7.2,1.0084,1.0302,10.912,0.9665,0.9665,21.536,0.1577,0.12237,0.27149,0.00073399,0.0011465,0.32738,0.040676,0.060316,0.0036388,0.049951,0.0067473,0.94984,0.12327,0.046939,2.3015
7.3,1.0084,1.0302,10.912,0.9665,0.9665,21.536,0.15677,0.1199,0.26882,0.00069881,0.0010697,0.3248,0.041054,0.058158,0.0035804,0.049027,0.0066516,0.95568,0.12188,0.04627,2.2305
7.4,1.0084,1.0302,10.912,0.9665,0.9665,21.536,0.15591,0.11759,0.26628,0.00066707,0.0009995,0.32223,0.041439,0.056212,0.0035217,0.048165,0.006565,0.96141,0.12059,0.04565,2.1625
7.5,1.0084,1.0302,10.912,0.9665,0.9665,21.536,0.15511,0.11543,0.26385,0.00063844,0.0009354,0.31969,0.041831,0.054459,0.0034629,0.047361,0.0064865,0.96702,0.11939,0.045072,2.0974
7.6,1.0084,1.0302,10.912,0.9665,0.9665,21.536,0.15436,0.11342,0.26154,0.00061268,0.00087694,0.31716,0.042231,0.052885,0.0034041,0.046611,0.0064154,0.97252,0.11827,0.044532,2.035
7.7,1.0084,1.0302,10.912,0.9665,0.9665,21.536,0.15366,0.11155,0.25934,0.00058954,0.00082368,0.31466,0.042638,0.051472,0.0033455,0.045911,0.0063513,0.97792,0.11722,0.044027,1.9753
7.8,1.0084,1.0302,10.912,0.9665,0.9665,21.536,0.153,0.1098,0.25724,0.00056884,0.00077518,0.31217,0.043053,0.050167,0.0032873,0.045259,0.0062932,0.9832,0.11625,0.043537,1.9182
7.9,1.0084,1.0302,10.913,0.96629,0.96629,21.536,0.1524,0.10818,0.25524,0.00055105,0.00073106,0.3097,0.043479,0.048098,0.0032294,0.04465,0.0062407,0.98838,0.11545,0.042996,1.8635
8,1.0084,1.0302,10.943,0.95837,0.95837,21.529,0.15183,0.10666,0.25341,0.00055439,0.00069163,0.30725,0.04404,0.024574,0.0031665,0.044082,0.0061951,0.99346,0.11654,0.040784,1.8107
8.1,1.0084,1.0302,11.253,0.91081,0.91081,21.448,0.1513,0.10524,0.25238,0.00056657,0.00065917,0.30482,0.045127,0.0035704,0.0030916,0.043553,0.0061863,0.99844,0.12468,0.032552,1.7571
8.2,1.0084,1.0302,11.874,0.85069,0.85069,21.219,0.15081,0.10392,0.25273,0.00054542,0.00063003,0.30241,0.046335,0.0029539,0.0030175,0.043061,0.0063043,1.0033,0.13396,0.02478,1.7016
8.3,1.0084,1.0302,12.608,0.79375,0.79375,20.86,0.15035,0.10269,0.25442,0.00052475,0.00060248,0.30004,0.047537,0.0029221,0.0029451,0.042606,0.0066364,1.008,0.14263,0.018842,1.646
8.4,1.0084,1.0302,13.395,0.7406,0.7406,20.399,0.14993,0.10155,0.25732,0.00050737,0.00057659,0.29772,0.048732,0.0029022,0.0028745,0.042187,0.0072707,1.0125,0.15065,0.014372,1.5914
8.5,1.0084,1.0302,14.227,0.691,0.691,19.861,0.14955,0.10048,0.26127,0.00049288,0.00055247,0.29544,0.049921,0.0028812,0.0028055,0.041803,0.0083231,1.0169,0.15813,0.011002,1.5385
8.6,1.0084,1.0302,15.103,0.64473,0.64473,19.268,0.1492,0.099485,0.26613,0.00048092,0.00053016,0.29322,0.051105,0.0028593,0.0027383,0.041457,0.0099588,1.0211,0.16511,0.0084598,1.4877
8.7,1.0084,1.0302,16.024,0.60155,0.60155,18.634,0.1489,0.098558,0.27175,0.00047113,0.00050967,0.29107,0.052285,0.0028382,0.0026726,0.041151,0.012405,1.0249,0.17165,0.0065426,1.439
8.8,1.0084,1.0302,16.993,0.56127,0.56127,17.976,0.14864,0.097697,0.27801,0.00046321,0.00049096,0.28898,0.053461,0.0028176,0.0026085,0.040891,0.015961,1.0284,0.17779,0.0050988,1.3926
8.9,1.0084,1.0302,18.009,0.52369,0.52369,17.304,0.14843,0.096897,0.2848,0.00045688,0.00047399,0.28697,0.054634,0.0027976,0.002546,0.040685,0.021027,1.0314,0.18356,0.0040127,1.3482
9,1.0084,1.0302,19.074,0.48862,0.48862,16.627,0.14829,0.096155,0.29201,0.00045191,0.00045868,0.28503,0.055804,0.0027783,0.0024849,0.040546,0.028104,1.0337,0.189,0.0031968,1.306
9.1,1.0084,1.0302,20.189,0.4559,0.4559,15.953,0.14824,0.095471,0.29958,0.0004481,0.00044493,0.28317,0.056969,0.0027599,0.0024254,0.040497,0.037774,1.0352,0.19414,0.0025842,1.2658
9.2,1.0084,1.0302,21.356,0.42537,0.42537,15.288,0.14831,0.094843,0.30744,0.00044527,0.00043266,0.28138,0.058131,0.0027424,0.0023672,0.040569,0.050701,1.0355,0.19902,0.0021253,1.2275
9.3,1.0084,1.0302,22.575,0.39688,0.39688,14.637,0.14855,0.094273,0.31554,0.00044326,0.00042176,0.27968,0.059287,0.0027256,0.0023105,0.040808,0.067482,1.0343,0.20365,0.0017824,1.1911
9.4,1.0084,1.0302,23.846,0.3703,0.3703,14.002,0.14902,0.093765,0.32383,0.00044193,0.00041212,0.27805,0.060437,0.0027096,0.0022551,0.041278,0.088687,1.0314,0.20808,0.0015272,1.1565
9.5,1.0084,1.0302,25.171,0.3455,0.3455,13.387,0.14982,0.093325,0.33229,0.00044118,0.00040365,0.27651,0.061581,0.0026944,0.002201,0.042074,0.11461,1.0265,0.21234,0.0013382,1.1235
9.6,1.0084,1.0302,26.549,0.32236,0.32236,12.793,0.15107,0.092966,0.34088,0.00044089,0.00039624,0.27504,0.062718,0.0026799,0.0021483,0.043329,0.14522,1.0194,0.21649,0.001199,1.0921
9.7,1.0084,1.0302,27.981,0.30078,0.30078,12.223,0.15296,0.092705,0.34959,0.00044097,0.0003898,0.27365,0.063845,0.0026662,0.0020968,0.045216,0.18024,1.01,0.22058,0.0010974,1.0623
9.8,1.0084,1.0302,29.466,0.28063,0.28063,11.676,0.15572,0.092571,0.3584,0.00044134,0.00038423,0.27235,0.064963,0.0026531,0.0020465,0.047979,0.21895,0.9987,0.22469,0.0010244,1.0339
9.9,1.0084,1.0302,31.006,0.26184,0.26184,11.153,0.15967,0.092607,0.3673,0.00044195,0.00037945,0.27112,0.066069,0.0026406,0.0019975,0.051924,0.26052,0.98561,0.22892,0.00097282,1.0069
10,1.0084,1.0302,32.598,0.24431,0.24431,10.655,0.16519,0.092872,0.37627,0.00044271,0.00037538,0.26997,0.067163,0.0026285,0.0019496,0.05744,0.3039,0.97117,0.23341,0.00093733,0.98122
10.1,1.0084,1.0302,34.243,0.22794,0.22794,10.181,0.17274,0.09346,0.38532,0.0004436,0.00037192,0.2689,0.068243,0.0026168,0.0019029,0.064999,0.34827,0.95569,0.23833,0.00091436,0.95678
10.2,1.0084,1.0302,35.939,0.21268,0.21268,9.7314,0.18288,0.094488,0.39443,0.00044456,0.00036902,0.2679,0.069308,0.0026054,0.0018573,0.075133,0.3926,0.93959,0.24386,0.00090145,0.93353
10.3,1.0084,1.0302,37.686,0.19844,0.19844,9.3051,0.19617,0.09614,0.40361,0.00044555,0.0003666,0.26698,0.070357,0.0025945,0.0018128,0.088422,0.4363,0.92307,0.25026,0.00089687,0.91142
10.4,1.0084,1.0302,39.481,0.18515,0.18515,8.9016,0.2132,0.098649,0.41283,0.00044655,0.00036461,0.26614,0.071388,0.0025841,0.0017693,0.10546,0.47873,0.9064,0.25781,0.00089954,0.89039
10.5,1.0084,1.0302,41.324,0.17275,0.17275,8.5202,0.23452,0.10235,0.42212,0.00044753,0.00036298,0.26538,0.0724,0.0025742,0.001727,0.12678,0.51954,0.88967,0.26688,0.00090903,0.87038
10.6,1.0084,1.0302,43.212,0.16118,0.16118,8.1602,0.26052,0.10768,0.43145,0.00044846,0.00036167,0.26469,0.073391,0.0025646,0.0016856,0.15278,0.55845,0.873,0.2778,0.00092483,0.85135
10.7,1.0084,1.0302,45.143,0.15039,0.15039,7.8208,0.29152,0.11522,0.44082,0.00044933,0.00036062,0.26407,0.07436,0.0025551,0.0016452,0.18377,0.59533,0.85644,0.29094,0.00094723,0.83325
10.8,1.0084,1.0302,47.116,0.14031,0.14031,7.501,0.32747,0.12576,0.45024,0.00045011,0.0003598,0.26353,0.075307,0.0025452,0.0016058,0.21972,0.63003,0.84006,0.30667,0.00097678,0.81603
10.9,1.0084,1.0302,49.126,0.13092,0.13092,7.2,0.36828,0.14018,0.45971,0.0004508,0.00035916,0.26306,0.076228,0.0025346,0.0015673,0.26053,0.66258,0.82386,0.32536,0.001014,0.79965
11,1.0084,1.0302,51.172,0.12215,0.12215,6.9169,0.41352,0.15971,0.4692,0.00045139,0.00035867,0.26266,0.077125,0.0025244,0.0015298,0.30577,0.69295,0.8079,0.34731,0.00106,0.78407
11.1,1.0084,1.0302,53.25,0.11397,0.11397,6.6508,0.46265,0.18567,0.47874,0.00045188,0.00035831,0.26234,0.077994,0.0025147,0.0014931,0.35491,0.7212,0.79218,0.37277,0.0011153,0.76925
11.2,1.0084,1.0302,55.358,0.10634,0.10634,6.4009,0.51503,0.21963,0.4883,0.00045224,0.00035803,0.26208,0.078836,0.0025049,0.0014574,0.40728,0.74739,0.77673,0.40191,0.0011811,0.75516
11.3,1.0084,1.0302,57.491,0.099216,0.099216,6.1664,0.5699,0.26322,0.4979,0.00045249,0.00035783,0.2619,0.079648,0.0024951,0.0014225,0.46215,0.7716,0.76155,0.43471,0.0012577,0.74175
11.4,1.0084,1.0302,59.647,0.092572,0.092572,5.9463,0.62657,0.3181,0.50752,0.00045261,0.00035766,0.26178,0.080431,0.002485,0.0013884,0.51883,0.79395,0.74664,0.47136,0.001346,0.729
11.5,1.0084,1.0302,61.822,0.086372,0.086372,5.74,0.68434,0.38573,0.51715,0.00045261,0.00035753,0.26173,0.081183,0.0024747,0.0013552,0.5766,0.81453,0.732,0.51178,0.0014464,0.71688
11.6,1.0084,1.0302,64.011,0.080588,0.080588,5.5465,0.7426,0.46733,0.52681,0.0004525,0.00035741,0.26175,0.081903,0.0024639,0.0013227,0.63486,0.83346,0.71764,0.5558,0.001559,0.70535
11.7,1.0084,1.0302,66.211,0.075191,0.075191,5.3653,0.80081,0.56346,0.53648,0.00045225,0.00035729,0.26184,0.08259,0.002453,0.001291,0.69307,0.85085,0.70354,0.60346,0.0016844,0.69438
11.8,1.0084,1.0302,68.419,0.070155,0.070155,5.1956,0.85851,0.67433,0.54616,0.00045189,0.00035715,0.26199,0.083244,0.0024425,0.0012601,0.75076,0.8668,0.68971,0.6543,0.0018219,0.68396
11.9,1.0084,1.0302,70.63,0.065457,0.065457,5.0366,0.91531,0.79914,0.55584,0.0004514,0.00035698,0.26221,0.083863,0.0024316,0.0012299,0.80756,0.88142,0.67615,0.7083,0.001972,0.67404
12,1.0084,1.0302,72.84,0.061074,0.061074,4.8879,0.97091,0.93677,0.56552,0.0004508,0.00035678,0.26249,0.084448,0.0024202,0.0012005,0.86316,0.89481,0.66285,0.7651,0.0021336,0.66461
12.1,1.0084,1.0302,75.047,0.056983,0.056983,4.7486,1.0251,1.0855,0.57519,0.00045008,0.00035654,0.26284,0.084998,0.0024083,0.0011718,0.9173,0.90705,0.6498,0.82443,0.0023066,0.65565
12.2,1.0084,1.0302,77.244,0.053167,0.053167,4.6184,1.0776,1.243,0.58486,0.00044925,0.00035625,0.26325,0.085513,0.0023959,0.0011437,0.96981,0.91825,0.63701,0.88606,0.0024903,0.64714
12.3,1.0084,1.0302,79.43,0.049606,0.049606,4.4966,1.1282,1.4077,0.59452,0.00044832,0.0003559,0.26371,0.085992,0.0023834,0.0011163,1.0205,0.92848,0.62447,0.94965,0.0026837,0.63904
12.4,1.0084,1.0302,81.6,0.046284,0.046284,4.3827,1.1771,1.5766,0.60415,0.00044729,0.0003555,0.26424,0.086434,0.0023709,0.0010896,1.0693,0.93782,0.61217,1.0149,0.0028863,0.63135
12.5,1.0084,1.0302,83.751,0.043184,0.043184,4.2762,1.2239,1.7478,0.61376,0.00044616,0.00035504,0.26483,0.08684,0.0023582,0.0010635,1.1162,0.94634,0.60011,1.0817,0.0030968,0.62405
12.6,1.0084,1.0302,85.879,0.040291,0.040291,4.1766,1.2688,1.9196,0.62334,0.00044494,0.00035452,0.26548,0.08721,0.0023452,0.0010381,1.1611,0.95412,0.58829,1.1496,0.0033147,0.61712
12.7,1.0084,1.0302,87.981,0.037593,0.037593,4.0835,1.3117,2.0895,0.63289,0.00044363,0.00035393,0.26619,0.087544,0.0023319,0.0010132,1.204,0.96121,0.5767,1.2184,0.0035392,0.61053
12.8,1.0084,1.0302,90.054,0.035075,0.035075,3.9965,1.3526,2.2571,0.64239,0.00044223,0.00035328,0.26695,0.087841,0.0023182,0.00098897,1.2449,0.96768,0.56534,1.2879,0.0037692,0.60428
12.9,1.0084,1.0302,92.095,0.032726,0.032726,3.9153,1.3916,2.4208,0.65185,0.00044075,0.00035257,0.26776,0.088102,0.0023039,0.0009653,1.2838,0.97358,0.5542,1.3578,0.0040038,0.59835
13,1.0084,1.0302,94.101,0.030534,0.030534,3.8394,1.4286,2.5796,0.66126,0.00043919,0.00035179,0.26863,0.088326,0.0022892,0.0009422,1.3209,0.97895,0.54328,1.4279,0.0042424,0.59272
13.1,1.0084,1.0302,96.069,0.028489,0.028489,3.7684,1.4638,2.7334,0.67061,0.00043757,0.00035095,0.26956,0.088515,0.0022744,0.00091965,1.356,0.98385,0.53258,1.4981,0.0044839,0.58739
13.2,1.0084,1.0302,97.998,0.026581,0.026581,3.7022,1.4972,2.8816,0.67989,0.00043587,0.00035005,0.27053,0.088669,0.0022595,0.00089764,1.3894,0.9883,0.52208,1.5682,0.0047278,0.58233
13.3,1.0084,1.0302,99.886,0.024801,0.024801,3.6403,1.5288,3.0239,0.68912,0.00043412,0.00034909,0.27156,0.088788,0.0022443,0.00087616,1.421,0.99236,0.5118,1.6379,0.004973,0.57754
13.4,1.0084,1.0302,101.73,0.02314,0.02314,3.5825,1.5587,3.1602,0.69828,0.00043231,0.00034807,0.27264,0.088872,0.0022287,0.0008552,1.4509,0.99606,0.50171,1.7072,0.0052189,0.573
13.5,1.0084,1.0302,103.53,0.02159,0.02159,3.5286,1.587,3.2905,0.70737,0.00043045,0.00034699,0.27376,0.088923,0.0022129,0.00083473,1.4793,0.99942,0.49183,1.7759,0.0054651,0.56871
13.6,1.0084,1.0302,105.28,0.020144,0.020144,3.4782,1.6137,3.4147,0.71639,0.00042854,0.00034586,0.27494,0.088941,0.0021966,0.00081476,1.506,1.0025,0.48214,1.8438,0.0057106,0.56465
13.7,1.0084,1.0302,106.98,0.018795,0.018795,3.4311,1.639,3.533,0.72532,0.00042659,0.00034468,0.27615,0.088926,0.00218,0.00079527,1.5313,1.0053,0.47264,1.9109,0.0059549,0.5608
13.8,1.0084,1.0302,108.64,0.017538,0.017538,3.3873,1.6629,3.6455,0.73419,0.0004246,0.00034345,0.27742,0.08888,0.0021632,0.00077624,1.5551,1.0078,0.46333,1.9771,0.0061979,0.55717
13.9,1.0084,1.0302,110.25,0.016365,0.016365,3.3463,1.6853,3.7522,0.74297,0.00042258,0.00034217,0.27873,0.088803,0.002146,0.00075767,1.5776,1.0101,0.4542,2.0423,0.0064387,0.55375
14,1.0084,1.0302,111.8,0.01527,0.01527,3.308,1.7066,3.8531,0.75167,0.00042053,0.00034085,0.28008,0.088696,0.0021285,0.00073954,1.5988,1.0122,0.44525,2.1063,0.0066768,0.55051
14.1,1.0084,1.0302,113.31,0.014249,0.014249,3.2724,1.7265,3.9486,0.76028,0.00041845,0.00033949,0.28147,0.08856,0.0021109,0.00072185,1.6188,1.0141,0.43649,2.1693,0.0069129,0.54747
14.2,1.0084,1.0302,114.76,0.013297,0.013297,3.2391,1.7454,4.0389,0.76879,0.00041634,0.00033809,0.2829,0.088396,0.0020933,0.00070458,1.6376,1.0158,0.42789,2.2311,0.0071458,0.5446
14.3,1.0084,1.0302,116.16,0.012407,0.012407,3.2079,1.7631,4.1241,0.7772,0.00041421,0.00033665,0.28437,0.088204,0.0020758,0.00068772,1.6553,1.0174,0.41946,2.2916,0.0073751,0.5419
14.4,1.0084,1.0302,117.51,0.011577,0.011577,3.1789,1.7798,4.2044,0.78551,0.00041206,0.00033518,0.28588,0.087985,0.0020583,0.00067127,1.672,1.0188,0.4112,2.3507,0.0076003,0.53935
14.5,1.0084,1.0302,118.81,0.010804,0.010804,3.1518,1.7955,4.2801,0.79372,0.0004099,0.00033368,0.28743,0.087741,0.0020405,0.00065521,1.6877,1.0202,0.40311,2.4084,0.0078209,0.53696
14.6,1.0084,1.0302,120.06,0.010081,0.010081,3.1265,1.8102,4.3515,0.80182,0.00040772,0.00033216,0.28901,0.087473,0.0020227,0.00063954,1.7025,1.0213,0.39517,2.4648,0.0080381,0.53471
14.7,1.0084,1.0302,121.26,0.0094058,0.0094058,3.1028,1.8242,4.4186,0.80982,0.00040553,0.00033061,0.29063,0.087181,0.0020048,0.00062424,1.7164,1.0224,0.38739,2.5199,0.008251,0.53261
14.8,1.0084,1.0302,122.42,0.0087773,0.0087773,3.0808,1.8372,4.4818,0.81771,0.00040334,0.00032903,0.29228,0.086866,0.0019865,0.00060931,1.7295,1.0234,0.37976,2.5735,0.0084592,0.53064
14.9,1.0084,1.0302,123.52,0.0081903,0.0081903,3.0602,1.8495,4.5413,0.82549,0.00040114,0.00032744,0.29396,0.086531,0.0019679,0.00059473,1.7418,1.0243,0.37229,2.6257,0.0086623,0.52879
15,1.0084,1.0302,124.58,0.0076413,0.0076413,3.041,1.8611,4.5973,0.83316,0.00039894,0.00032582,0.29567,0.086174,0.001949,0.0005805,1.7533,1.0251,0.36496,2.6762,0.00886,0.52705
15.1,1.0084,1.0302,125.59,0.0071306,0.0071306,3.0231,1.8719,4.6499,0.84072,0.00039673,0.00032419,0.29741,0.085799,0.0019303,0.00056662,1.7642,1.0259,0.35778,2.7255,0.0090534,0.52543
15.2,1.0084,1.0302,126.56,0.0066538,0.0066538,3.0064,1.8821,4.6993,0.84816,0.00039453,0.00032255,0.29918,0.085405,0.0019116,0.00055306,1.7744,1.0266,0.35074,2.7733,0.0092421,0.52392
15.3,1.0084,1.0302,127.48,0.0062081,0.0062081,2.9907,1.8917,4.7459,0.85549,0.00039233,0.00032089,0.30098,0.084994,0.0018931,0.00053983,1.784,1.0272,0.34384,2.8198,0.0094258,0.52251
15.4,1.0084,1.0302,128.36,0.0057931,0.0057931,2.9762,1.9007,4.7895,0.86269,0.00039014,0.00031922,0.3028,0.084566,0.0018746,0.00052692,1.793,1.0277,0.33707,2.8648,0.0096042,0.5212
15.5,1.0084,1.0302,129.2,0.0054062,0.0054062,2.9626,1.9092,4.8305,0.86978,0.00038795,0.00031755,0.30465,0.084123,0.0018562,0.00051432,1.8014,1.0282,0.33044,2.9083,0.0097772,0.51997
15.6,1.0084,1.0302,130,0.0050447,0.0050447,2.9499,1.9171,4.869,0.87674,0.00038577,0.00031587,0.30652,0.083666,0.001838,0.00050201,1.8094,1.0287,0.32394,2.9505,0.0099455,0.51884
15.7,1.0084,1.0302,130.76,0.0047068,0.0047068,2.938,1.9246,4.9053,0.88358,0.0003836,0.00031419,0.30841,0.083195,0.0018199,0.00049,1.8168,1.0291,0.31757,2.9914,0.010109,0.51779
15.8,1.0084,1.0302,131.48,0.0043926,0.0043926,2.927,1.9316,4.9392,0.8903,0.00038144,0.0003125,0.31032,0.082712,0.0018016,0.00047828,1.8238,1.0295,0.31133,3.031,0.010268,0.51682
15.9,1.0084,1.0302,132.16,0.0040993,0.0040993,2.9167,1.9382,4.971,0.8969,0.0003793,0.00031081,0.31226,0.082217,0.0017833,0.00046684,1.8304,1.0299,0.30521,3.0692,0.010422,0.51592
16,1.0084,1.0302,132.82,0.0038248,0.0038248,2.9071,1.9443,5.001,0.90337,0.00037717,0.00030912,0.31421,0.081712,0.0017649,0.00045567,1.8366,1.0302,0.29921,3.1061,0.01057,0.51509
16.1,1.0084,1.0302,133.43,0.003569,0.003569,2.8981,1.9501,5.0291,0.90973,0.00037505,0.00030744,0.31618,0.081197,0.0017465,0.00044477,1.8424,1.0305,0.29333,3.1418,0.010714,0.51432
16.2,1.0084,1.0302,134.02,0.0033307,0.0033307,2.8897,1.9556,5.0554,0.91598,0.00037294,0.00030575,0.31817,0.080674,0.0017281,0.00043413,1.8478,1.0307,0.28756,3.1763,0.010854,0.51363
16.3,1.0084,1.0302,134.57,0.003108,0.003108,2.8819,1.9607,5.0801,0.92211,0.00037085,0.00030407,0.32018,0.080143,0.0017096,0.00042375,1.8529,1.031,0.28191,3.2096,0.010989,0.51299
16.4,1.0084,1.0302,135.1,0.0028996,0.0028996,2.8746,1.9655,5.1033,0.92814,0.00036878,0.0003024,0.3222,0.079605,0.0016911,0.00041361,1.8577,1.0312,0.27637,3.2417,0.011119,0.5124
16.5,1.0084,1.0302,135.59,0.002706,0.002706,2.8678,1.97,5.125,0.93404,0.00036673,0.00030073,0.32423,0.079061,0.0016731,0.00040372,1.8622,1.0314,0.27094,3.2727,0.011245,0.51187
16.6,1.0084,1.0302,136.06,0.0025252,0.0025252,2.8614,1.9742,5.1454,0.93982,0.0003647,0.00029907,0.32627,0.078511,0.0016556,0.00039406,1.8664,1.0316,0.26562,3.3025,0.011367,0.51139
16.7,1.0084,1.0302,136.51,0.0023562,0.0023562,2.8555,1.9782,5.1645,0.94548,0.00036268,0.00029742,0.32833,0.077957,0.0016386,0.00038463,1.8704,1.0318,0.26041,3.3314,0.011485,0.51096
16.8,1.0084,1.0302,136.92,0.0021984,0.0021984,2.8499,1.9819,5.1825,0.95103,0.00036069,0.00029578,0.3304,0.077398,0.0016218,0.00037543,1.8741,1.0319,0.25529,3.3591,0.011599,0.51058
16.9,1.0084,1.0302,137.32,0.0020516,0.0020516,2.8448,1.9854,5.1993,0.95646,0.00035872,0.00029415,0.33248,0.076836,0.0016046,0.00036645,1.8776,1.032,0.25028,3.3858,0.011709,0.51024
17,1.0084,1.0302,137.69,0.0019144,0.0019144,2.84,1.9886,5.215,0.96179,0.00035676,0.00029253,0.33457,0.076272,0.0015874,0.00035768,1.8809,1.0322,0.24537,3.4116,0.011814,0.50993
17.1,1.0084,1.0302,138.04,0.0017861,0.0017861,2.8355,1.9917,5.2298,0.96701,0.00035483,0.00029092,0.33666,0.075706,0.00157,0.00034913,1.884,1.0323,0.24055,3.4363,0.011916,0.50966
17.2,1.0084,1.0302,138.37,0.0016667,0.0016667,2.8313,1.9946,5.2437,0.97211,0.00035292,0.00028933,0.33877,0.075139,0.0015531,0.00034078,1.8868,1.0324,0.23583,3.4601,0.012014,0.50942
17.3,1.0084,1.0302,138.69,0.0015554,0.0015554,2.8273,1.9973,5.2567,0.9771,0.00035103,0.00028774,0.34088,0.07457,0.0015367,0.00033262,1.8895,1.0325,0.23121,3.483,0.012109,0.50921
17.4,1.0084,1.0302,138.98,0.0014513,0.0014513,2.8237,1.9998,5.2688,0.98198,0.00034916,0.00028617,0.34299,0.074002,0.0015207,0.00032467,1.8921,1.0326,0.22667,3.505,0.012199,0.50902
17.5,1.0084,1.0302,139.26,0.0013541,0.0013541,2.8203,2.0022,5.2803,0.98675,0.00034732,0.00028462,0.34511,0.073433,0.0015051,0.0003169,1.8945,1.0327,0.22223,3.5262,0.012287,0.50888
17.6,1.0084,1.0302,139.52,0.0012637,0.0012637,2.8171,2.0044,5.2909,0.99142,0.0003455,0.00028308,0.34724,0.072865,0.0014892,0.00030932,1.8967,1.0327,0.21787,3.5465,0.012371,0.50876
17.7,1.0084,1.0302,139.76,0.0011792,0.0011792,2.8141,2.0065,5.301,0.99598,0.0003437,0.00028155,0.34936,0.072299,0.0014734,0.00030192,1.8988,1.0328,0.2136,3.566,0.012452,0.50866
17.8,1.0084,1.0302,139.99,0.0011002,0.0011002,2.8113,2.0085,5.3104,1.0004,0.00034193,0.00028004,0.35149,0.071734,0.0014576,0.00029469,1.9007,1.0329,0.20941,3.5848,0.01253,0.50858
17.9,1.0084,1.0302,140.21,0.0010267,0.0010267,2.8088,2.0103,5.3192,1.0048,0.00034018,0.00027855,0.35362,0.071171,0.0014421,0.00028764,1.9026,1.0329,0.20531,3.6028,0.012605,0.50852
18,1.0084,1.0302,140.41,0.0009581,0.0009581,2.8064,2.012,5.3274,1.009,0.00033845,0.00027707,0.35576,0.070611,0.0014269,0.00028076,1.9043,1.033,0.20128,3.6201,0.012677,0.50847
18.1,1.0084,1.0302,140.6,0.00089402,0.00089402,2.8041,2.0137,5.3351,1.0132,0.00033674,0.00027561,0.35789,0.070054,0.001412,0.00027405,1.9059,1.033,0.19734,3.6367,0.012746,0.50844
18.2,1.0084,1.0302,140.78,0.00083409,0.00083409,2.802,2.0152,5.3424,1.0173,0.00033506,0.00027417,0.36002,0.0695,0.0013973,0.00026749,1.9074,1.0331,0.19348,3.6526,0.012812,0.50842
18.3,1.0084,1.0302,140.95,0.0007784,0.0007784,2.8,2.0166,5.3492,1.0212,0.0003334,0.00027274,0.36215,0.068949,0.0013829,0.00026109,1.9089,1.0331,0.18969,3.6678,0.012876,0.50842
18.4,1.0084,1.0302,141.11,0.00072639,0.00072639,2.7982,2.0179,5.3555,1.0251,0.00033177,0.00027133,0.36428,0.068402,0.0013686,0.00025484,1.9102,1.0331,0.18598,3.6824,0.012937,0.50844
18.5,1.0084,1.0302,141.25,0.00067776,0.00067776,2.7965,2.0192,5.3615,1.0288,0.00033015,0.00026994,0.36641,0.06786,0.0013546,0.00024875,1.9114,1.0332,0.18234,3.6965,0.012996,0.50847
18.6,1.0084,1.0302,141.39,0.00063239,0.00063239,2.7949,2.0204,5.3671,1.0325,0.00032856,0.00026856,0.36853,0.067322,0.0013408,0.0002428,1.9126,1.0332,0.17877,3.7099,0.013052,0.50851
18.7,1.0084,1.0302,141.52,0.00059016,0.00059016,2.7934,2.0215,5.3723,1.0361,0.00032699,0.0002672,0.37065,0.066788,0.0013271,0.00023699,1.9137,1.0332,0.17527,3.7228,0.013106,0.50856
18.8,1.0084,1.0302,141.64,0.00055071,0.00055071,2.792,2.0225,5.3772,1.0396,0.00032545,0.00026586,0.37276,0.066259,0.0013136,0.00023132,1.9147,1.0332,0.17184,3.7352,0.013158,0.50862
18.9,1.0084,1.0302,141.76,0.00051378,0.00051378,2.7907,2.0235,5.3818,1.043,0.00032392,0.00026454,0.37488,0.065736,0.0013003,0.00022578,1.9157,1.0333,0.16848,3.747,0.013208,0.50868
19,1.0084,1.0302,141.86,0.00047947,0.00047947,2.7895,2.0244,5.3861,1.0464,0.00032242,0.00026323,0.37698,0.065217,0.0012873,0.00022038,1.9166,1.0333,0.16519,3.7584,0.013256,0.50874
19.1,1.0084,1.0302,141.96,0.00044744,0.00044744,2.7884,2.0252,5.3901,1.0496,0.00032094,0.00026194,0.37908,0.064704,0.0012745,0.00021511,1.9175,1.0333,0.16196,3.7693,0.013301,0.50882
19.2,1.0084,1.0302,142.06,0.0004175,0.0004175,2.7874,2.026,5.3939,1.0528,0.00031949,0.00026067,0.38117,0.064196,0.0012621,0.00020996,1.9183,1.0333,0.1588,3.7797,0.013345,0.50891
19.3,1.0084,1.0302,142.15,0.00038955,0.00038955,2.7864,2.0268,5.3974,1.0559,0.00031806,0.00025942,0.38326,0.063694,0.0012499,0.00020494,1.919,1.0333,0.1557,3.7896,0.013387,0.509
19.4,1.0084,1.0302,142.23,0.00036359,0.00036359,2.7855,2.0275,5.4007,1.0589,0.00031665,0.00025818,0.38534,0.063198,0.0012377,0.00020004,1.9197,1.0334,0.15266,3.7991,0.013427,0.5091
19.5,1.0084,1.0302,142.31,0.00033935,0.00033935,2.7846,2.0281,5.4038,1.0618,0.00031525,0.00025697,0.38741,0.062708,0.0012258,0.00019525,1.9204,1.0334,0.14968,3.8083,0.013466,0.5092
19.6,1.0084,1.0302,142.38,0.00031668,0.00031668,2.7838,2.0287,5.4067,1.0646,0.00031388,0.00025576,0.38948,0.062224,0.001214,0.00019058,1.921,1.0334,0.14675,3.817,0.013503,0.5093
19.7,1.0084,1.0302,142.45,0.00029546,0.00029546,2.7831,2.0293,5.4094,1.0674,0.00031253,0.00025458,0.39153,0.061746,0.0012023,0.00018602,1.9216,1.0334,0.14389,3.8255,0.013538,0.5094
19.8,1.0084,1.0302,142.51,0.00027579,0.00027579,2.7824,2.0298,5.412,1.0701,0.00031121,0.00025341,0.39358,0.061274,0.0011911,0.00018157,1.9221,1.0334,0.14108,3.8335,0.013572,0.5095
19.9,1.0084,1.0302,142.57,0.00025742,0.00025742,2.7817,2.0303,5.4144,1.0727,0.00030991,0.00025227,0.39562,0.060808,0.0011801,0.00017723,1.9226,1.0334,0.13833,3.8412,0.013605,0.50962
20,1.0084,1.0302,142.62,0.00024024,0.00024024,2.7811,2.0308,5.4166,1.0753,0.00030864,0.00025113,0.39765,0.060349,0.0011693,0.00017299,1.9231,1.0334,0.13564,3.8485,0.013635,0.50973
20.1,1.0084,1.0302,142.67,0.00022412,0.00022412,2.7806,2.0313,5.4187,1.0778,0.00030739,0.00025002,0.39966,0.059895,0.0011589,0.00016885,1.9235,1.0334,0.13299,3.8555,0.013665,0.50985
20.2,1.0084,1.0302,142.72,0.00020918,0.00020918,2.78,2.0317,5.4207,1.0802,0.00030616,0.00024893,0.40167,0.059448,0.0011485,0.00016481,1.9239,1.0334,0.1304,3.8622,0.013694,0.50996
20.3,1.0084,1.0302,142.77,0.00019524,0.00019524,2.7795,2.0321,5.4225,1.0825,0.00030494,0.00024785,0.40367,0.059008,0.0011382,0.00016087,1.9243,1.0334,0.12786,3.8686,0.013721,0.51008
20.4,1.0084,1.0302,142.81,0.00018221,0.00018221,2.7791,2.0324,5.4242,1.0848,0.00030375,0.00024679,0.40565,0.058573,0.0011281,0.00015702,1.9247,1.0334,0.12538,3.8748,0.013747,0.5102
20.5,1.0084,1.0302,142.85,0.00016999,0.00016999,2.7786,2.0328,5.4258,1.087,0.00030258,0.00024574,0.40763,0.058145,0.0011181,0.00015326,1.925,1.0335,0.12294,3.8807,0.013772,0.51031
20.6,1.0084,1.0302,142.89,0.00015863,0.00015863,2.7782,2.0331,5.4273,1.0892,0.00030143,0.00024472,0.40959,0.057724,0.0011082,0.0001496,1.9254,1.0335,0.12054,3.8864,0.013796,0.51042
20.7,1.0084,1.0302,142.92,0.00014805,0.00014805,2.7779,2.0334,5.4287,1.0913,0.00030028,0.0002437,0.41154,0.057309,0.0010986,0.00014602,1.9257,1.0335,0.1182,3.8916,0.013819,0.51055
20.8,1.0084,1.0302,142.95,0.00013817,0.00013817,2.7775,2.0337,5.4301,1.0933,0.00029915,0.00024271,0.41348,0.056901,0.001089,0.00014253,1.926,1.0335,0.1159,3.8966,0.01384,0.51067
20.9,1.0084,1.0302,142.98,0.00012891,0.00012891,2.7772,2.034,5.4313,1.0953,0.00029803,0.00024173,0.41541,0.056499,0.0010796,0.00013912,1.9262,1.0335,0.11365,3.9014,0.01386,0.51079
21,1.0084,1.0302,143.01,0.00012027,0.00012027,2.7769,2.0342,5.4325,1.0972,0.00029693,0.00024076,0.41732,0.056103,0.0010704,0.00013579,1.9265,1.0335,0.11144,3.906,0.01388,0.51091
21.1,1.0084,1.0302,143.04,0.00011225,0.00011225,2.7766,2.0344,5.4336,1.0991,0.00029585,0.00023981,0.41922,0.055713,0.0010615,0.00013254,1.9267,1.0335,0.10928,3.9103,0.013898,0.51103
21.2,1.0084,1.0302,143.06,0.00010476,0.00010476,2.7764,2.0347,5.4346,1.101,0.00029479,0.00023887,0.42111,0.05533,0.0010529,0.00012937,1.9269,1.0335,0.10716,3.9145,0.013916,0.51115
21.3,1.0084,1.0302,143.08,9.7751e-05,9.7751e-05,2.7761,2.0349,5.4355,1.1027,0.00029375,0.00023795,0.42299,0.054953,0.0010445,0.00012628,1.9271,1.0335,0.10508,3.9185,0.013933,0.51126
21.4,1.0084,1.0302,143.11,9.12e-05,9.12e-05,2.7759,2.0351,5.4364,1.1045,0.00029273,0.00023704,0.42485,0.054582,0.0010363,0.00012326,1.9273,1.0335,0.10304,3.9223,0.013949,0.51137
21.5,1.0084,1.0302,143.13,8.5156e-05,8.5156e-05,2.7757,2.0352,5.4373,1.1061,0.00029172,0.00023615,0.4267,0.054217,0.0010282,0.00012031,1.9275,1.0335,0.10104,3.926,0.013965,0.51148
21.6,1.0084,1.0302,143.14,7.9519e-05,7.9519e-05,2.7755,2.0354,5.438,1.1078,0.00029073,0.00023527,0.42853,0.053859,0.0010202,0.00011743,1.9277,1.0335,0.099084,3.9295,0.01398,0.51159
21.7,1.0084,1.0302,143.16,7.425e-05,7.425e-05,2.7753,2.0356,5.4388,1.1093,0.00028976,0.0002344,0.43036,0.053506,0.0010123,0.00011462,1.9278,1.0335,0.097165,3.9329,0.013995,0.51169
21.8,1.0084,1.0302,143.18,6.9312e-05,6.9312e-05,2.7751,2.0357,5.4394,1.1109,0.00028881,0.00023355,0.43216,0.053159,0.0010046,0.00011188,1.928,1.0335,0.095284,3.9362,0.014009,0.51179
21.9,1.0084,1.0302,143.19,6.4668e-05,6.4668e-05,2.7749,2.0358,5.4401,1.1124,0.00028788,0.00023271,0.43396,0.052818,0.00099707,0.00010921,1.9281,1.0335,0.09344,3.9395,0.014022,0.51189
22,1.0084,1.0302,143.21,6.037e-05,6.037e-05,2.7748,2.036,5.4407,1.1138,0.00028696,0.00023189,0.43574,0.052483,0.00098963,0.0001066,1.9282,1.0335,0.091633,3.9424,0.014035,0.51199
22.1,1.0084,1.0302,143.22,5.639e-05,5.639e-05,2.7747,2.0361,5.4413,1.1152,0.00028605,0.00023108,0.4375,0.052153,0.00098232,0.00010405,1.9284,1.0335,0.089861,3.9451,0.014047,0.51209
22.2,1.0084,1.0302,143.23,5.267e-05,5.267e-05,2.7745,2.0362,5.4418,1.1166,0.00028515,0.00023028,0.43925,0.051829,0.00097513,0.00010156,1.9285,1.0335,0.088125,3.9477,0.014058,0.51219
22.3,1.0084,1.0302,143.24,4.9182e-05,4.9182e-05,2.7744,2.0363,5.4423,1.1179,0.00028427,0.0002295,0.44099,0.051511,0.00096804,9.9132e-05,1.9286,1.0335,0.086423,3.9501,0.014068,0.51228
22.4,1.0084,1.0302,143.26,4.5899e-05,4.5899e-05,2.7743,2.0364,5.4427,1.1192,0.0002834,0.00022872,0.44271,0.051199,0.00096106,9.6761e-05,1.9287,1.0335,0.084754,3.9525,0.014078,0.51237
22.5,1.0084,1.0302,143.27,4.2806e-05,4.2806e-05,2.7742,2.0365,5.4432,1.1205,0.00028254,0.00022796,0.44442,0.050892,0.00095419,9.4447e-05,1.9288,1.0335,0.083119,3.9548,0.014088,0.51247
22.6,1.0084,1.0302,143.28,3.9981e-05,3.9981e-05,2.7741,2.0366,5.4436,1.1217,0.0002817,0.00022722,0.44612,0.05059,0.00094755,9.2189e-05,1.9289,1.0335,0.081516,3.9569,0.014097,0.51255
22.7,1.0084,1.0302,143.28,3.734e-05,3.734e-05,2.774,2.0367,5.4439,1.1229,0.00028087,0.00022648,0.44779,0.050293,0.00094105,8.9986e-05,1.9289,1.0335,0.079945,3.959,0.014106,0.51264
22.8,1.0084,1.0302,143.29,3.4867e-05,3.4867e-05,2.7739,2.0368,5.4443,1.124,0.00028006,0.00022576,0.44946,0.050002,0.00093471,8.7835e-05,1.929,1.0335,0.078405,3.9611,0.014115,0.51272
22.9,1.0084,1.0302,143.3,3.2544e-05,3.2544e-05,2.7738,2.0368,5.4446,1.1251,0.00027926,0.00022505,0.45111,0.049716,0.00092854,8.5735e-05,1.9291,1.0335,0.076895,3.963,0.014123,0.5128
23,1.0084,1.0302,143.31,3.0354e-05,3.0354e-05,2.7737,2.0369,5.445,1.1262,0.00027848,0.00022435,0.45274,0.049435,0.00092252,8.3685e-05,1.9292,1.0335,0.075415,3.9649,0.014132,0.51287
23.1,1.0084,1.0302,143.31,2.8339e-05,2.8339e-05,2.7737,2.037,5.4452,1.1273,0.00027771,0.00022366,0.45436,0.049159,0.00091661,8.1684e-05,1.9292,1.0335,0.073964,3.9668,0.01414,0.51294
23.2,1.0084,1.0302,143.32,2.6513e-05,2.6513e-05,2.7736,2.037,5.4455,1.1283,0.00027695,0.00022298,0.45597,0.048888,0.00091078,7.9732e-05,1.9293,1.0335,0.072542,3.9686,0.014147,0.51301
23.3,1.0084,1.0302,143.33,2.4831e-05,2.4831e-05,2.7735,2.0371,5.4458,1.1293,0.0002762,0.00022231,0.45756,0.048622,0.00090506,7.7826e-05,1.9293,1.0335,0.071149,3.9704,0.014155,0.51307
23.4,1.0084,1.0302,143.33,2.3284e-05,2.3284e-05,2.7735,2.0371,5.446,1.1302,0.00027547,0.00022166,0.45914,0.048361,0.00089943,7.5966e-05,1.9294,1.0335,0.069783,3.9721,0.014162,0.51314
23.5,1.0084,1.0302,143.34,2.1864e-05,2.1864e-05,2.7734,2.0372,5.4462,1.1312,0.00027475,0.00022102,0.4607,0.048104,0.00089391,7.415e-05,1.9294,1.0335,0.068444,3.9736,0.014169,0.5132
23.6,1.0084,1.0302,143.34,2.0566e-05,2.0566e-05,2.7734,2.0372,5.4465,1.1321,0.00027404,0.00022038,0.46224,0.047852,0.00088847,7.2377e-05,1.9295,1.0335,0.067131,3.9751,0.014176,0.51326
23.7,1.0084,1.0302,143.34,2.432e-05,2.432e-05,2.7733,2.0373,5.4467,1.133,0.0002734,0.00021976,0.46377,0.047605,0.00088316,7.0646e-05,1.9295,1.0335,0.065844,3.9765,0.014183,0.51333
23.8,1.0084,1.0302,143.34,0.00019041,0.00019041,2.7734,2.0373,5.4468,1.1338,0.00027442,0.0002192,0.46529,0.047361,0.00087838,6.8958e-05,1.9296,1.0335,0.064582,3.9778,0.014238,0.51339
23.9,1.0084,1.0302,142.76,0.0089353,0.0089353,2.7798,2.0373,5.447,1.1346,0.00036372,0.00022104,0.46679,0.047116,0.00089189,6.7309e-05,1.9296,1.0335,0.063346,3.9772,0.01596,0.51357
24,1.0084,1.0302,121.31,0.28705,0.28705,3.039,2.0371,5.4457,1.1352,0.003706,0.00032821,0.46828,0.046655,0.0017971,6.5705e-05,1.9293,1.0335,0.062135,3.9135,0.077222,0.52337
